zeit_iso;zeit_unix;bmp_time;"bmp_pressure [hPa]"
"2026-07-31 11:58:38";1785491918.879;2.8469563802083;991.31042277018
"2026-07-31 11:58:39";1785491919.375;0.81998952229818;991.32063293457
"2026-07-31 11:58:39";1785491919.87;1.8334986368815;991.30990600586
"2026-07-31 11:58:40";1785491920.364;2.8469772338867;991.30537414551
"2026-07-31 11:58:40";1785491920.859;3.8604431152344;991.30891418457
"2026-07-31 11:58:41";1785491921.353;4.8738733927409;991.3072865804
"2026-07-31 11:58:41";1785491921.848;5.8450261896307;991.31112948331
"2026-07-31 11:58:42";1785491922.342;6.8161977132161;991.31069946289
"2026-07-31 11:58:42";1785491922.837;7.8718426044171;991.3110539363
"2026-07-31 11:58:43";1785491923.331;8.8853260387074;991.3119839755
"2026-07-31 11:58:43";1785491923.826;9.8566309611003;991.3147277832
"2026-07-31 11:58:44";1785491924.163;0.81998952229818;991.32063293457
"2026-07-31 11:58:44";1785491924.501;1.8334986368815;991.30990600586
"2026-07-31 11:58:44";1785491924.839;2.8469772338867;991.30537414551
"2026-07-31 11:58:45";1785491925.176;3.8604431152344;991.30891418457
"2026-07-31 11:58:45";1785491925.514;4.8738733927409;991.3072865804
"2026-07-31 11:58:45";1785491925.852;5.8450261896307;991.31112948331
"2026-07-31 11:58:46";1785491926.189;6.8161977132161;991.31069946289
"2026-07-31 11:58:46";1785491926.527;7.8718426044171;991.3110539363
"2026-07-31 11:58:46";1785491926.865;8.8853260387074;991.3119839755
"2026-07-31 11:58:47";1785491927.202;9.8566309611003;991.3147277832
"2026-07-31 11:58:47";1785491927.54;10.870165506999;991.31517537435
"2026-07-31 11:58:47";1785491927.878;11.88370513916;991.3138478597
"2026-07-31 11:58:48";1785491928.215;12.897112528483;991.31051635742
"2026-07-31 11:58:48";1785491928.553;13.910530090332;991.31193033854
"2026-07-31 11:58:48";1785491928.891;14.923901875814;991.31134541829
"2026-07-31 11:58:49";1785491929.337;0.81998952229818;991.32063293457
"2026-07-31 11:58:49";1785491929.784;1.8334986368815;991.30990600586
"2026-07-31 11:58:50";1785491930.23;2.8469772338867;991.30537414551
"2026-07-31 11:58:50";1785491930.676;3.8604431152344;991.30891418457
"2026-07-31 11:58:51";1785491931.123;4.8738733927409;991.3072865804
"2026-07-31 11:58:51";1785491931.569;5.8450261896307;991.31112948331
"2026-07-31 11:58:52";1785491932.016;6.8161977132161;991.31069946289
"2026-07-31 11:58:52";1785491932.462;7.8718426044171;991.3110539363
"2026-07-31 11:58:52";1785491932.908;8.8853260387074;991.3119839755
"2026-07-31 11:58:53";1785491933.355;9.8566309611003;991.3147277832
"2026-07-31 11:58:53";1785491933.801;10.870165506999;991.31517537435
"2026-07-31 11:58:54";1785491934.247;11.88370513916;991.3138478597
"2026-07-31 11:58:54";1785491934.694;12.897112528483;991.31051635742
"2026-07-31 11:58:55";1785491935.14;13.910530090332;991.31193033854
"2026-07-31 11:58:55";1785491935.587;14.923901875814;991.31134541829
"2026-07-31 11:58:56";1785491936.033;15.937362670898;991.31719462077
"2026-07-31 11:58:56";1785491936.479;16.95081837972;991.31686401367
"2026-07-31 11:58:56";1785491936.926;17.922005393288;991.3115234375
"2026-07-31 11:58:57";1785491937.372;18.935373159555;991.30899752103
"2026-07-31 11:58:57";1785491937.819;19.990964253743;991.30895996094
"2026-07-31 11:58:58";1785491938.265;20.962141557173;991.30834960938
"2026-07-31 11:58:58";1785491938.711;21.933369954427;991.30953979492
"2026-07-31 11:58:59";1785491939.158;22.989170954778;991.31826077975
"2026-07-31 11:58:59";1785491939.604;24.0026883212;991.32597212358
"2026-07-31 11:59:00";1785491940.05;24.974052429199;991.32494099935
"2026-07-31 11:59:00";1785491940.111;0.81998952229818;991.32063293457
"2026-07-31 11:59:00";1785491940.171;1.8334986368815;991.30990600586
"2026-07-31 11:59:00";1785491940.262;3.3537101745605;991.30714416504
"2026-07-31 11:59:00";1785491940.352;4.8738733927409;991.3072865804
"2026-07-31 11:59:00";1785491940.412;5.8450261896307;991.31112948331
"2026-07-31 11:59:00";1785491940.473;6.8161977132161;991.31069946289
"2026-07-31 11:59:00";1785491940.563;8.3785843215623;991.3115189559
"2026-07-31 11:59:00";1785491940.654;9.8566309611003;991.3147277832
"2026-07-31 11:59:00";1785491940.714;10.870165506999;991.31517537435
"2026-07-31 11:59:00";1785491940.774;11.88370513916;991.3138478597
"2026-07-31 11:59:00";1785491940.835;12.897112528483;991.31051635742
"2026-07-31 11:59:00";1785491940.925;14.417215983073;991.31163787842
"2026-07-31 11:59:01";1785491941.015;15.937362670898;991.31719462077
"2026-07-31 11:59:01";1785491941.076;16.95081837972;991.31686401367
"2026-07-31 11:59:01";1785491941.136;17.922005393288;991.3115234375
"2026-07-31 11:59:01";1785491941.227;19.463168706649;991.30897874099
"2026-07-31 11:59:01";1785491941.351;0.81998952229818;991.32063293457
"2026-07-31 11:59:01";1785491941.445;1.8334986368815;991.30990600586
"2026-07-31 11:59:01";1785491941.539;2.8469772338867;991.30537414551
"2026-07-31 11:59:01";1785491941.633;3.8604431152344;991.30891418457
"2026-07-31 11:59:01";1785491941.727;4.8738733927409;991.3072865804
"2026-07-31 11:59:01";1785491941.821;5.8450261896307;991.31112948331
"2026-07-31 11:59:01";1785491941.915;6.8161977132161;991.31069946289
"2026-07-31 11:59:02";1785491942.009;7.8718426044171;991.3110539363
"2026-07-31 11:59:02";1785491942.104;8.8853260387074;991.3119839755
"2026-07-31 11:59:02";1785491942.198;9.8566309611003;991.3147277832
"2026-07-31 11:59:02";1785491942.292;10.870165506999;991.31517537435
"2026-07-31 11:59:02";1785491942.386;11.88370513916;991.3138478597
"2026-07-31 11:59:02";1785491942.48;12.897112528483;991.31051635742
"2026-07-31 11:59:02";1785491942.574;13.910530090332;991.31193033854
"2026-07-31 11:59:02";1785491942.668;14.923901875814;991.31134541829
"2026-07-31 11:59:02";1785491942.762;15.937362670898;991.31719462077
"2026-07-31 11:59:02";1785491942.856;16.95081837972;991.31686401367
"2026-07-31 11:59:02";1785491942.95;17.922005393288;991.3115234375
"2026-07-31 11:59:03";1785491943.044;18.935373159555;991.30899752103
"2026-07-31 11:59:03";1785491943.139;19.990964253743;991.30895996094
"2026-07-31 11:59:03";1785491943.233;20.962141557173;991.30834960938
"2026-07-31 11:59:03";1785491943.327;21.933369954427;991.30953979492
"2026-07-31 11:59:03";1785491943.421;22.989170954778;991.31826077975
"2026-07-31 11:59:03";1785491943.515;24.0026883212;991.32597212358
"2026-07-31 11:59:03";1785491943.609;24.974052429199;991.32494099935
"2026-07-31 11:59:03";1785491943.703;25.987584431966;991.32532246908
"2026-07-31 11:59:03";1785491943.797;27.043285663311;991.33182936448
"2026-07-31 11:59:03";1785491943.891;28.09895324707;991.32986450195
"2026-07-31 11:59:03";1785491943.985;29.112566630046;991.3389638265
"2026-07-31 11:59:04";1785491944.08;30.12622833252;991.33941141764
"2026-07-31 11:59:04";1785491944.226;0.81998952229818;991.32063293457
"2026-07-31 11:59:04";1785491944.373;1.8334986368815;991.30990600586
"2026-07-31 11:59:04";1785491944.52;2.8469772338867;991.30537414551
"2026-07-31 11:59:04";1785491944.667;3.8604431152344;991.30891418457
"2026-07-31 11:59:04";1785491944.814;4.8738733927409;991.3072865804
"2026-07-31 11:59:04";1785491944.961;5.8450261896307;991.31112948331
"2026-07-31 11:59:05";1785491945.108;6.8161977132161;991.31069946289
"2026-07-31 11:59:05";1785491945.255;7.8718426044171;991.3110539363
"2026-07-31 11:59:05";1785491945.402;8.8853260387074;991.3119839755
"2026-07-31 11:59:05";1785491945.549;9.8566309611003;991.3147277832
"2026-07-31 11:59:05";1785491945.696;10.870165506999;991.31517537435
"2026-07-31 11:59:05";1785491945.843;11.88370513916;991.3138478597
"2026-07-31 11:59:05";1785491945.99;12.897112528483;991.31051635742
"2026-07-31 11:59:06";1785491946.136;13.910530090332;991.31193033854
"2026-07-31 11:59:06";1785491946.283;14.923901875814;991.31134541829
"2026-07-31 11:59:06";1785491946.43;15.937362670898;991.31719462077
"2026-07-31 11:59:06";1785491946.577;16.95081837972;991.31686401367
"2026-07-31 11:59:06";1785491946.724;17.922005393288;991.3115234375
"2026-07-31 11:59:06";1785491946.871;18.935373159555;991.30899752103
"2026-07-31 11:59:07";1785491947.018;19.990964253743;991.30895996094
"2026-07-31 11:59:07";1785491947.165;20.962141557173;991.30834960938
"2026-07-31 11:59:07";1785491947.312;21.933369954427;991.30953979492
"2026-07-31 11:59:07";1785491947.459;22.989170954778;991.31826077975
"2026-07-31 11:59:07";1785491947.606;24.0026883212;991.32597212358
"2026-07-31 11:59:07";1785491947.753;24.974052429199;991.32494099935
"2026-07-31 11:59:07";1785491947.9;25.987584431966;991.32532246908
"2026-07-31 11:59:08";1785491948.046;27.043285663311;991.33182936448
"2026-07-31 11:59:08";1785491948.193;28.09895324707;991.32986450195
"2026-07-31 11:59:08";1785491948.34;29.112566630046;991.3389638265
"2026-07-31 11:59:08";1785491948.487;30.12622833252;991.33941141764
"2026-07-31 11:59:08";1785491948.634;31.139862060547;991.34248352051
"2026-07-31 11:59:08";1785491948.781;32.15340423584;991.33262125651
"2026-07-31 11:59:08";1785491948.928;33.166974385579;991.32861836751
"2026-07-31 11:59:09";1785491949.075;34.180442810059;991.32828776042
"2026-07-31 11:59:09";1785491949.222;35.193918863932;991.32413228353
"2026-07-31 11:59:09";1785491949.346;0.81998952229818;991.32063293457
"2026-07-31 11:59:09";1785491949.47;1.8334986368815;991.30990600586
"2026-07-31 11:59:09";1785491949.594;2.8469772338867;991.30537414551
"2026-07-31 11:59:09";1785491949.718;3.8604431152344;991.30891418457
"2026-07-31 11:59:09";1785491949.842;4.8738733927409;991.3072865804
"2026-07-31 11:59:09";1785491949.966;5.8450261896307;991.31112948331
"2026-07-31 11:59:10";1785491950.09;6.8161977132161;991.31069946289
"2026-07-31 11:59:10";1785491950.214;7.8718426044171;991.3110539363
"2026-07-31 11:59:10";1785491950.337;8.8853260387074;991.3119839755
"2026-07-31 11:59:10";1785491950.461;9.8566309611003;991.3147277832
"2026-07-31 11:59:10";1785491950.585;10.870165506999;991.31517537435
"2026-07-31 11:59:10";1785491950.709;11.88370513916;991.3138478597
"2026-07-31 11:59:10";1785491950.833;12.897112528483;991.31051635742
"2026-07-31 11:59:10";1785491950.957;13.910530090332;991.31193033854
"2026-07-31 11:59:11";1785491951.081;14.923901875814;991.31134541829
"2026-07-31 11:59:11";1785491951.205;15.937362670898;991.31719462077
"2026-07-31 11:59:11";1785491951.329;16.95081837972;991.31686401367
"2026-07-31 11:59:11";1785491951.453;17.922005393288;991.3115234375
"2026-07-31 11:59:11";1785491951.577;18.935373159555;991.30899752103
"2026-07-31 11:59:11";1785491951.701;19.990964253743;991.30895996094
"2026-07-31 11:59:11";1785491951.825;20.962141557173;991.30834960938
"2026-07-31 11:59:11";1785491951.949;21.933369954427;991.30953979492
"2026-07-31 11:59:12";1785491952.073;22.989170954778;991.31826077975
"2026-07-31 11:59:12";1785491952.197;24.0026883212;991.32597212358
"2026-07-31 11:59:12";1785491952.321;24.974052429199;991.32494099935
"2026-07-31 11:59:12";1785491952.445;25.987584431966;991.32532246908
"2026-07-31 11:59:12";1785491952.569;27.043285663311;991.33182936448
"2026-07-31 11:59:12";1785491952.693;28.09895324707;991.32986450195
"2026-07-31 11:59:12";1785491952.817;29.112566630046;991.3389638265
"2026-07-31 11:59:12";1785491952.941;30.12622833252;991.33941141764
"2026-07-31 11:59:13";1785491953.065;31.139862060547;991.34248352051
"2026-07-31 11:59:13";1785491953.189;32.15340423584;991.33262125651
"2026-07-31 11:59:13";1785491953.313;33.166974385579;991.32861836751
"2026-07-31 11:59:13";1785491953.436;34.180442810059;991.32828776042
"2026-07-31 11:59:13";1785491953.56;35.193918863932;991.32413228353
"2026-07-31 11:59:13";1785491953.684;36.165277654474;991.32336425781
"2026-07-31 11:59:13";1785491953.808;37.136708577474;991.31936136882
"2026-07-31 11:59:13";1785491953.932;38.192591740535;991.32138765775
"2026-07-31 11:59:14";1785491954.056;39.206110174006;991.31873668324
"2026-07-31 11:59:14";1785491954.18;40.177472432454;991.32173156738
"2026-07-31 11:59:14";1785491954.295;0.81998952229818;991.32063293457
"2026-07-31 11:59:14";1785491954.41;1.8334986368815;991.30990600586
"2026-07-31 11:59:14";1785491954.524;2.8469772338867;991.30537414551
"2026-07-31 11:59:14";1785491954.639;3.8604431152344;991.30891418457
"2026-07-31 11:59:14";1785491954.754;4.8738733927409;991.3072865804
"2026-07-31 11:59:14";1785491954.868;5.8450261896307;991.31112948331
"2026-07-31 11:59:14";1785491954.983;6.8161977132161;991.31069946289
"2026-07-31 11:59:15";1785491955.098;7.8718426044171;991.3110539363
"2026-07-31 11:59:15";1785491955.212;8.8853260387074;991.3119839755
"2026-07-31 11:59:15";1785491955.327;9.8566309611003;991.3147277832
"2026-07-31 11:59:15";1785491955.442;10.870165506999;991.31517537435
"2026-07-31 11:59:15";1785491955.556;11.88370513916;991.3138478597
"2026-07-31 11:59:15";1785491955.671;12.897112528483;991.31051635742
"2026-07-31 11:59:15";1785491955.786;13.910530090332;991.31193033854
"2026-07-31 11:59:15";1785491955.9;14.923901875814;991.31134541829
"2026-07-31 11:59:16";1785491956.015;15.937362670898;991.31719462077
"2026-07-31 11:59:16";1785491956.13;16.95081837972;991.31686401367
"2026-07-31 11:59:16";1785491956.244;17.922005393288;991.3115234375
"2026-07-31 11:59:16";1785491956.359;18.935373159555;991.30899752103
"2026-07-31 11:59:16";1785491956.474;19.990964253743;991.30895996094
"2026-07-31 11:59:16";1785491956.588;20.962141557173;991.30834960938
"2026-07-31 11:59:16";1785491956.703;21.933369954427;991.30953979492
"2026-07-31 11:59:16";1785491956.818;22.989170954778;991.31826077975
"2026-07-31 11:59:16";1785491956.932;24.0026883212;991.32597212358
"2026-07-31 11:59:17";1785491957.047;24.974052429199;991.32494099935
"2026-07-31 11:59:17";1785491957.162;25.987584431966;991.32532246908
"2026-07-31 11:59:17";1785491957.276;27.043285663311;991.33182936448
"2026-07-31 11:59:17";1785491957.391;28.09895324707;991.32986450195
"2026-07-31 11:59:17";1785491957.506;29.112566630046;991.3389638265
"2026-07-31 11:59:17";1785491957.62;30.12622833252;991.33941141764
"2026-07-31 11:59:17";1785491957.735;31.139862060547;991.34248352051
"2026-07-31 11:59:17";1785491957.85;32.15340423584;991.33262125651
"2026-07-31 11:59:17";1785491957.964;33.166974385579;991.32861836751
"2026-07-31 11:59:18";1785491958.079;34.180442810059;991.32828776042
"2026-07-31 11:59:18";1785491958.194;35.193918863932;991.32413228353
"2026-07-31 11:59:18";1785491958.309;36.165277654474;991.32336425781
"2026-07-31 11:59:18";1785491958.423;37.136708577474;991.31936136882
"2026-07-31 11:59:18";1785491958.538;38.192591740535;991.32138765775
"2026-07-31 11:59:18";1785491958.653;39.206110174006;991.31873668324
"2026-07-31 11:59:18";1785491958.767;40.177472432454;991.32173156738
"2026-07-31 11:59:18";1785491958.882;41.191167195638;991.32722473145
"2026-07-31 11:59:18";1785491958.997;42.204828898112;991.3246307373
"2026-07-31 11:59:19";1785491959.111;43.21849822998;991.33557637533
"2026-07-31 11:59:19";1785491959.226;44.232187906901;991.33542378743
"2026-07-31 11:59:19";1785491959.341;45.245867411296;991.34359232585
"2026-07-31 11:59:19";1785491959.439;0.81998952229818;991.32063293457
"2026-07-31 11:59:19";1785491959.537;1.8334986368815;991.30990600586
"2026-07-31 11:59:19";1785491959.635;2.8469772338867;991.30537414551
"2026-07-31 11:59:19";1785491959.734;3.8604431152344;991.30891418457
"2026-07-31 11:59:19";1785491959.832;4.8738733927409;991.3072865804
"2026-07-31 11:59:19";1785491959.93;5.8450261896307;991.31112948331
"2026-07-31 11:59:20";1785491960.028;6.8161977132161;991.31069946289
"2026-07-31 11:59:20";1785491960.126;7.8718426044171;991.3110539363
"2026-07-31 11:59:20";1785491960.225;8.8853260387074;991.3119839755
"2026-07-31 11:59:20";1785491960.323;9.8566309611003;991.3147277832
"2026-07-31 11:59:20";1785491960.421;10.870165506999;991.31517537435
"2026-07-31 11:59:20";1785491960.519;11.88370513916;991.3138478597
"2026-07-31 11:59:20";1785491960.618;12.897112528483;991.31051635742
"2026-07-31 11:59:20";1785491960.716;13.910530090332;991.31193033854
"2026-07-31 11:59:20";1785491960.814;14.923901875814;991.31134541829
"2026-07-31 11:59:20";1785491960.912;15.937362670898;991.31719462077
"2026-07-31 11:59:21";1785491961.01;16.95081837972;991.31686401367
"2026-07-31 11:59:21";1785491961.109;17.922005393288;991.3115234375
"2026-07-31 11:59:21";1785491961.207;18.935373159555;991.30899752103
"2026-07-31 11:59:21";1785491961.305;19.990964253743;991.30895996094
"2026-07-31 11:59:21";1785491961.403;20.962141557173;991.30834960938
"2026-07-31 11:59:21";1785491961.502;21.933369954427;991.30953979492
"2026-07-31 11:59:21";1785491961.6;22.989170954778;991.31826077975
"2026-07-31 11:59:21";1785491961.698;24.0026883212;991.32597212358
"2026-07-31 11:59:21";1785491961.796;24.974052429199;991.32494099935
"2026-07-31 11:59:21";1785491961.895;25.987584431966;991.32532246908
"2026-07-31 11:59:21";1785491961.993;27.043285663311;991.33182936448
"2026-07-31 11:59:22";1785491962.091;28.09895324707;991.32986450195
"2026-07-31 11:59:22";1785491962.189;29.112566630046;991.3389638265
"2026-07-31 11:59:22";1785491962.287;30.12622833252;991.33941141764
"2026-07-31 11:59:22";1785491962.386;31.139862060547;991.34248352051
"2026-07-31 11:59:22";1785491962.484;32.15340423584;991.33262125651
"2026-07-31 11:59:22";1785491962.582;33.166974385579;991.32861836751
"2026-07-31 11:59:22";1785491962.68;34.180442810059;991.32828776042
"2026-07-31 11:59:22";1785491962.779;35.193918863932;991.32413228353
"2026-07-31 11:59:22";1785491962.877;36.165277654474;991.32336425781
"2026-07-31 11:59:22";1785491962.975;37.136708577474;991.31936136882
"2026-07-31 11:59:23";1785491963.073;38.192591740535;991.32138765775
"2026-07-31 11:59:23";1785491963.171;39.206110174006;991.31873668324
"2026-07-31 11:59:23";1785491963.27;40.177472432454;991.32173156738
"2026-07-31 11:59:23";1785491963.368;41.191167195638;991.32722473145
"2026-07-31 11:59:23";1785491963.466;42.204828898112;991.3246307373
"2026-07-31 11:59:23";1785491963.564;43.21849822998;991.33557637533
"2026-07-31 11:59:23";1785491963.663;44.232187906901;991.33542378743
"2026-07-31 11:59:23";1785491963.761;45.245867411296;991.34359232585
"2026-07-31 11:59:23";1785491963.859;46.259569803874;991.35446675618
"2026-07-31 11:59:23";1785491963.957;47.273320515951;991.35625203451
"2026-07-31 11:59:24";1785491964.055;48.286928812663;991.35101318359
"2026-07-31 11:59:24";1785491964.154;49.300628662109;991.3563486735
"2026-07-31 11:59:24";1785491964.252;50.314236958822;991.36053975423
"2026-07-31 11:59:24";1785491964.344;0.81998952229818;991.32063293457
"2026-07-31 11:59:24";1785491964.437;1.8334986368815;991.30990600586
"2026-07-31 11:59:24";1785491964.529;2.8469772338867;991.30537414551
"2026-07-31 11:59:24";1785491964.622;3.8604431152344;991.30891418457
"2026-07-31 11:59:24";1785491964.714;4.8738733927409;991.3072865804
"2026-07-31 11:59:24";1785491964.807;5.8450261896307;991.31112948331
"2026-07-31 11:59:24";1785491964.899;6.8161977132161;991.31069946289
"2026-07-31 11:59:24";1785491964.992;7.8718426044171;991.3110539363
"2026-07-31 11:59:25";1785491965.084;8.8853260387074;991.3119839755
"2026-07-31 11:59:25";1785491965.177;9.8566309611003;991.3147277832
"2026-07-31 11:59:25";1785491965.269;10.870165506999;991.31517537435
"2026-07-31 11:59:25";1785491965.362;11.88370513916;991.3138478597
"2026-07-31 11:59:25";1785491965.454;12.897112528483;991.31051635742
"2026-07-31 11:59:25";1785491965.547;13.910530090332;991.31193033854
"2026-07-31 11:59:25";1785491965.639;14.923901875814;991.31134541829
"2026-07-31 11:59:25";1785491965.731;15.937362670898;991.31719462077
"2026-07-31 11:59:25";1785491965.824;16.95081837972;991.31686401367
"2026-07-31 11:59:25";1785491965.916;17.922005393288;991.3115234375
"2026-07-31 11:59:26";1785491966.009;18.935373159555;991.30899752103
"2026-07-31 11:59:26";1785491966.101;19.990964253743;991.30895996094
"2026-07-31 11:59:26";1785491966.194;20.962141557173;991.30834960938
"2026-07-31 11:59:26";1785491966.286;21.933369954427;991.30953979492
"2026-07-31 11:59:26";1785491966.379;22.989170954778;991.31826077975
"2026-07-31 11:59:26";1785491966.471;24.0026883212;991.32597212358
"2026-07-31 11:59:26";1785491966.564;24.974052429199;991.32494099935
"2026-07-31 11:59:26";1785491966.656;25.987584431966;991.32532246908
"2026-07-31 11:59:26";1785491966.749;27.043285663311;991.33182936448
"2026-07-31 11:59:26";1785491966.841;28.09895324707;991.32986450195
"2026-07-31 11:59:26";1785491966.934;29.112566630046;991.3389638265
"2026-07-31 11:59:27";1785491967.026;30.12622833252;991.33941141764
"2026-07-31 11:59:27";1785491967.118;31.139862060547;991.34248352051
"2026-07-31 11:59:27";1785491967.211;32.15340423584;991.33262125651
"2026-07-31 11:59:27";1785491967.303;33.166974385579;991.32861836751
"2026-07-31 11:59:27";1785491967.396;34.180442810059;991.32828776042
"2026-07-31 11:59:27";1785491967.488;35.193918863932;991.32413228353
"2026-07-31 11:59:27";1785491967.581;36.165277654474;991.32336425781
"2026-07-31 11:59:27";1785491967.673;37.136708577474;991.31936136882
"2026-07-31 11:59:27";1785491967.766;38.192591740535;991.32138765775
"2026-07-31 11:59:27";1785491967.858;39.206110174006;991.31873668324
"2026-07-31 11:59:27";1785491967.951;40.177472432454;991.32173156738
"2026-07-31 11:59:28";1785491968.043;41.191167195638;991.32722473145
"2026-07-31 11:59:28";1785491968.136;42.204828898112;991.3246307373
"2026-07-31 11:59:28";1785491968.228;43.21849822998;991.33557637533
"2026-07-31 11:59:28";1785491968.321;44.232187906901;991.33542378743
"2026-07-31 11:59:28";1785491968.413;45.245867411296;991.34359232585
"2026-07-31 11:59:28";1785491968.505;46.259569803874;991.35446675618
"2026-07-31 11:59:28";1785491968.598;47.273320515951;991.35625203451
"2026-07-31 11:59:28";1785491968.69;48.286928812663;991.35101318359
"2026-07-31 11:59:28";1785491968.783;49.300628662109;991.3563486735
"2026-07-31 11:59:28";1785491968.875;50.314236958822;991.36053975423
"2026-07-31 11:59:28";1785491968.968;51.327885945638;991.35587565104
"2026-07-31 11:59:29";1785491969.06;52.299313631925;991.3525057706
"2026-07-31 11:59:29";1785491969.153;53.31298828125;991.3490224985
"2026-07-31 11:59:29";1785491969.245;54.368827819824;991.34915669759
"2026-07-31 11:59:29";1785491969.338;55.340087890625;991.35180109197
"2026-07-31 11:59:29";1785491969.421;0.81998952229818;991.32063293457
"2026-07-31 11:59:29";1785491969.505;1.8334986368815;991.30990600586
"2026-07-31 11:59:29";1785491969.589;2.8469772338867;991.30537414551
"2026-07-31 11:59:29";1785491969.673;3.8604431152344;991.30891418457
"2026-07-31 11:59:29";1785491969.757;4.8738733927409;991.3072865804
"2026-07-31 11:59:29";1785491969.84;5.8450261896307;991.31112948331
"2026-07-31 11:59:29";1785491969.924;6.8161977132161;991.31069946289
"2026-07-31 11:59:30";1785491970.008;7.8718426044171;991.3110539363
"2026-07-31 11:59:30";1785491970.092;8.8853260387074;991.3119839755
"2026-07-31 11:59:30";1785491970.176;9.8566309611003;991.3147277832
"2026-07-31 11:59:30";1785491970.259;10.870165506999;991.31517537435
"2026-07-31 11:59:30";1785491970.343;11.88370513916;991.3138478597
"2026-07-31 11:59:30";1785491970.427;12.897112528483;991.31051635742
"2026-07-31 11:59:30";1785491970.511;13.910530090332;991.31193033854
"2026-07-31 11:59:30";1785491970.594;14.923901875814;991.31134541829
"2026-07-31 11:59:30";1785491970.678;15.937362670898;991.31719462077
"2026-07-31 11:59:30";1785491970.762;16.95081837972;991.31686401367
"2026-07-31 11:59:30";1785491970.846;17.922005393288;991.3115234375
"2026-07-31 11:59:30";1785491970.93;18.935373159555;991.30899752103
"2026-07-31 11:59:31";1785491971.013;19.990964253743;991.30895996094
"2026-07-31 11:59:31";1785491971.097;20.962141557173;991.30834960938
"2026-07-31 11:59:31";1785491971.181;21.933369954427;991.30953979492
"2026-07-31 11:59:31";1785491971.265;22.989170954778;991.31826077975
"2026-07-31 11:59:31";1785491971.348;24.0026883212;991.32597212358
"2026-07-31 11:59:31";1785491971.432;24.974052429199;991.32494099935
"2026-07-31 11:59:31";1785491971.516;25.987584431966;991.32532246908
"2026-07-31 11:59:31";1785491971.6;27.043285663311;991.33182936448
"2026-07-31 11:59:31";1785491971.684;28.09895324707;991.32986450195
"2026-07-31 11:59:31";1785491971.767;29.112566630046;991.3389638265
"2026-07-31 11:59:31";1785491971.851;30.12622833252;991.33941141764
"2026-07-31 11:59:31";1785491971.935;31.139862060547;991.34248352051
"2026-07-31 11:59:32";1785491972.019;32.15340423584;991.33262125651
"2026-07-31 11:59:32";1785491972.103;33.166974385579;991.32861836751
"2026-07-31 11:59:32";1785491972.186;34.180442810059;991.32828776042
"2026-07-31 11:59:32";1785491972.27;35.193918863932;991.32413228353
"2026-07-31 11:59:32";1785491972.354;36.165277654474;991.32336425781
"2026-07-31 11:59:32";1785491972.438;37.136708577474;991.31936136882
"2026-07-31 11:59:32";1785491972.521;38.192591740535;991.32138765775
"2026-07-31 11:59:32";1785491972.605;39.206110174006;991.31873668324
"2026-07-31 11:59:32";1785491972.689;40.177472432454;991.32173156738
"2026-07-31 11:59:32";1785491972.773;41.191167195638;991.32722473145
"2026-07-31 11:59:32";1785491972.857;42.204828898112;991.3246307373
"2026-07-31 11:59:32";1785491972.94;43.21849822998;991.33557637533
"2026-07-31 11:59:33";1785491973.024;44.232187906901;991.33542378743
"2026-07-31 11:59:33";1785491973.108;45.245867411296;991.34359232585
"2026-07-31 11:59:33";1785491973.192;46.259569803874;991.35446675618
"2026-07-31 11:59:33";1785491973.275;47.273320515951;991.35625203451
"2026-07-31 11:59:33";1785491973.359;48.286928812663;991.35101318359
"2026-07-31 11:59:33";1785491973.443;49.300628662109;991.3563486735
"2026-07-31 11:59:33";1785491973.527;50.314236958822;991.36053975423
"2026-07-31 11:59:33";1785491973.611;51.327885945638;991.35587565104
"2026-07-31 11:59:33";1785491973.694;52.299313631925;991.3525057706
"2026-07-31 11:59:33";1785491973.778;53.31298828125;991.3490224985
"2026-07-31 11:59:33";1785491973.862;54.368827819824;991.34915669759
"2026-07-31 11:59:33";1785491973.946;55.340087890625;991.35180109197
"2026-07-31 11:59:34";1785491974.029;56.311314900716;991.35077921549
"2026-07-31 11:59:34";1785491974.113;57.324867248535;991.35053507487
"2026-07-31 11:59:34";1785491974.197;58.338500976562;991.3451944987
"2026-07-31 11:59:34";1785491974.281;59.35213470459;991.35349527995
"2026-07-31 11:59:34";1785491974.365;60.365727742513;991.34756978353
"2026-07-31 11:59:34";1785491974.442;0.81998952229818;991.32063293457
"2026-07-31 11:59:34";1785491974.52;1.8334986368815;991.30990600586
"2026-07-31 11:59:34";1785491974.597;2.8469772338867;991.30537414551
"2026-07-31 11:59:34";1785491974.675;3.8604431152344;991.30891418457
"2026-07-31 11:59:34";1785491974.753;4.8738733927409;991.3072865804
"2026-07-31 11:59:34";1785491974.83;5.8450261896307;991.31112948331
"2026-07-31 11:59:34";1785491974.908;6.8161977132161;991.31069946289
"2026-07-31 11:59:34";1785491974.985;7.8718426044171;991.3110539363
"2026-07-31 11:59:35";1785491975.063;8.8853260387074;991.3119839755
"2026-07-31 11:59:35";1785491975.14;9.8566309611003;991.3147277832
"2026-07-31 11:59:35";1785491975.218;10.870165506999;991.31517537435
"2026-07-31 11:59:35";1785491975.296;11.88370513916;991.3138478597
"2026-07-31 11:59:35";1785491975.373;12.897112528483;991.31051635742
"2026-07-31 11:59:35";1785491975.451;13.910530090332;991.31193033854
"2026-07-31 11:59:35";1785491975.528;14.923901875814;991.31134541829
"2026-07-31 11:59:35";1785491975.606;15.937362670898;991.31719462077
"2026-07-31 11:59:35";1785491975.683;16.95081837972;991.31686401367
"2026-07-31 11:59:35";1785491975.761;17.922005393288;991.3115234375
"2026-07-31 11:59:35";1785491975.839;18.935373159555;991.30899752103
"2026-07-31 11:59:35";1785491975.916;19.990964253743;991.30895996094
"2026-07-31 11:59:35";1785491975.994;20.962141557173;991.30834960938
"2026-07-31 11:59:36";1785491976.071;21.933369954427;991.30953979492
"2026-07-31 11:59:36";1785491976.149;22.989170954778;991.31826077975
"2026-07-31 11:59:36";1785491976.226;24.0026883212;991.32597212358
"2026-07-31 11:59:36";1785491976.304;24.974052429199;991.32494099935
"2026-07-31 11:59:36";1785491976.382;25.987584431966;991.32532246908
"2026-07-31 11:59:36";1785491976.459;27.043285663311;991.33182936448
"2026-07-31 11:59:36";1785491976.537;28.09895324707;991.32986450195
"2026-07-31 11:59:36";1785491976.614;29.112566630046;991.3389638265
"2026-07-31 11:59:36";1785491976.692;30.12622833252;991.33941141764
"2026-07-31 11:59:36";1785491976.769;31.139862060547;991.34248352051
"2026-07-31 11:59:36";1785491976.847;32.15340423584;991.33262125651
"2026-07-31 11:59:36";1785491976.925;33.166974385579;991.32861836751
"2026-07-31 11:59:37";1785491977.002;34.180442810059;991.32828776042
"2026-07-31 11:59:37";1785491977.08;35.193918863932;991.32413228353
"2026-07-31 11:59:37";1785491977.157;36.165277654474;991.32336425781
"2026-07-31 11:59:37";1785491977.235;37.136708577474;991.31936136882
"2026-07-31 11:59:37";1785491977.312;38.192591740535;991.32138765775
"2026-07-31 11:59:37";1785491977.39;39.206110174006;991.31873668324
"2026-07-31 11:59:37";1785491977.468;40.177472432454;991.32173156738
"2026-07-31 11:59:37";1785491977.545;41.191167195638;991.32722473145
"2026-07-31 11:59:37";1785491977.623;42.204828898112;991.3246307373
"2026-07-31 11:59:37";1785491977.7;43.21849822998;991.33557637533
"2026-07-31 11:59:37";1785491977.778;44.232187906901;991.33542378743
"2026-07-31 11:59:37";1785491977.855;45.245867411296;991.34359232585
"2026-07-31 11:59:37";1785491977.933;46.259569803874;991.35446675618
"2026-07-31 11:59:38";1785491978.011;47.273320515951;991.35625203451
"2026-07-31 11:59:38";1785491978.088;48.286928812663;991.35101318359
"2026-07-31 11:59:38";1785491978.166;49.300628662109;991.3563486735
"2026-07-31 11:59:38";1785491978.243;50.314236958822;991.36053975423
"2026-07-31 11:59:38";1785491978.321;51.327885945638;991.35587565104
"2026-07-31 11:59:38";1785491978.399;52.299313631925;991.3525057706
"2026-07-31 11:59:38";1785491978.476;53.31298828125;991.3490224985
"2026-07-31 11:59:38";1785491978.554;54.368827819824;991.34915669759
"2026-07-31 11:59:38";1785491978.631;55.340087890625;991.35180109197
"2026-07-31 11:59:38";1785491978.709;56.311314900716;991.35077921549
"2026-07-31 11:59:38";1785491978.786;57.324867248535;991.35053507487
"2026-07-31 11:59:38";1785491978.864;58.338500976562;991.3451944987
"2026-07-31 11:59:38";1785491978.942;59.35213470459;991.35349527995
"2026-07-31 11:59:39";1785491979.019;60.365727742513;991.34756978353
"2026-07-31 11:59:39";1785491979.097;61.379409790039;991.339747111
"2026-07-31 11:59:39";1785491979.174;62.393023173014;991.34045918783
"2026-07-31 11:59:39";1785491979.252;63.406588236491;991.34117635091
"2026-07-31 11:59:39";1785491979.329;64.42022450765;991.32692464193
"2026-07-31 11:59:39";1785491979.407;65.43386332194;991.32847086589
"2026-07-31 11:59:39";1785491979.479;0.81998952229818;991.32063293457
"2026-07-31 11:59:39";1785491979.551;1.8334986368815;991.30990600586
"2026-07-31 11:59:39";1785491979.624;2.8469772338867;991.30537414551
"2026-07-31 11:59:39";1785491979.696;3.8604431152344;991.30891418457
"2026-07-31 11:59:39";1785491979.768;4.8738733927409;991.3072865804
"2026-07-31 11:59:39";1785491979.84;5.8450261896307;991.31112948331
"2026-07-31 11:59:39";1785491979.912;6.8161977132161;991.31069946289
"2026-07-31 11:59:39";1785491979.984;7.8718426044171;991.3110539363
"2026-07-31 11:59:40";1785491980.057;8.8853260387074;991.3119839755
"2026-07-31 11:59:40";1785491980.129;9.8566309611003;991.3147277832
"2026-07-31 11:59:40";1785491980.201;10.870165506999;991.31517537435
"2026-07-31 11:59:40";1785491980.273;11.88370513916;991.3138478597
"2026-07-31 11:59:40";1785491980.381;13.403821309407;991.31122334798
"2026-07-31 11:59:40";1785491980.49;14.923901875814;991.31134541829
"2026-07-31 11:59:40";1785491980.562;15.937362670898;991.31719462077
"2026-07-31 11:59:40";1785491980.634;16.95081837972;991.31686401367
"2026-07-31 11:59:40";1785491980.706;17.922005393288;991.3115234375
"2026-07-31 11:59:40";1785491980.778;18.935373159555;991.30899752103
"2026-07-31 11:59:40";1785491980.85;19.990964253743;991.30895996094
"2026-07-31 11:59:40";1785491980.923;20.962141557173;991.30834960938
"2026-07-31 11:59:40";1785491980.995;21.933369954427;991.30953979492
"2026-07-31 11:59:41";1785491981.067;22.989170954778;991.31826077975
"2026-07-31 11:59:41";1785491981.139;24.0026883212;991.32597212358
"2026-07-31 11:59:41";1785491981.211;24.974052429199;991.32494099935
"2026-07-31 11:59:41";1785491981.284;25.987584431966;991.32532246908
"2026-07-31 11:59:41";1785491981.356;27.043285663311;991.33182936448
"2026-07-31 11:59:41";1785491981.428;28.09895324707;991.32986450195
"2026-07-31 11:59:41";1785491981.5;29.112566630046;991.3389638265
"2026-07-31 11:59:41";1785491981.572;30.12622833252;991.33941141764
"2026-07-31 11:59:41";1785491981.644;31.139862060547;991.34248352051
"2026-07-31 11:59:41";1785491981.717;32.15340423584;991.33262125651
"2026-07-31 11:59:41";1785491981.789;33.166974385579;991.32861836751
"2026-07-31 11:59:41";1785491981.861;34.180442810059;991.32828776042
"2026-07-31 11:59:41";1785491981.933;35.193918863932;991.32413228353
"2026-07-31 11:59:42";1785491982.005;36.165277654474;991.32336425781
"2026-07-31 11:59:42";1785491982.077;37.136708577474;991.31936136882
"2026-07-31 11:59:42";1785491982.15;38.192591740535;991.32138765775
"2026-07-31 11:59:42";1785491982.222;39.206110174006;991.31873668324
"2026-07-31 11:59:42";1785491982.294;40.177472432454;991.32173156738
"2026-07-31 11:59:42";1785491982.366;41.191167195638;991.32722473145
"2026-07-31 11:59:42";1785491982.438;42.204828898112;991.3246307373
"2026-07-31 11:59:42";1785491982.51;43.21849822998;991.33557637533
"2026-07-31 11:59:42";1785491982.583;44.232187906901;991.33542378743
"2026-07-31 11:59:42";1785491982.655;45.245867411296;991.34359232585
"2026-07-31 11:59:42";1785491982.727;46.259569803874;991.35446675618
"2026-07-31 11:59:42";1785491982.799;47.273320515951;991.35625203451
"2026-07-31 11:59:42";1785491982.871;48.286928812663;991.35101318359
"2026-07-31 11:59:42";1785491982.944;49.300628662109;991.3563486735
"2026-07-31 11:59:43";1785491983.016;50.314236958822;991.36053975423
"2026-07-31 11:59:43";1785491983.088;51.327885945638;991.35587565104
"2026-07-31 11:59:43";1785491983.16;52.299313631925;991.3525057706
"2026-07-31 11:59:43";1785491983.232;53.31298828125;991.3490224985
"2026-07-31 11:59:43";1785491983.304;54.368827819824;991.34915669759
"2026-07-31 11:59:43";1785491983.377;55.340087890625;991.35180109197
"2026-07-31 11:59:43";1785491983.449;56.311314900716;991.35077921549
"2026-07-31 11:59:43";1785491983.557;57.831684112549;991.34786478679
"2026-07-31 11:59:43";1785491983.665;59.35213470459;991.35349527995
"2026-07-31 11:59:43";1785491983.737;60.365727742513;991.34756978353
"2026-07-31 11:59:43";1785491983.81;61.379409790039;991.339747111
"2026-07-31 11:59:43";1785491983.882;62.393023173014;991.34045918783
"2026-07-31 11:59:43";1785491983.954;63.406588236491;991.34117635091
"2026-07-31 11:59:44";1785491984.026;64.42022450765;991.32692464193
"2026-07-31 11:59:44";1785491984.098;65.43386332194;991.32847086589
"2026-07-31 11:59:44";1785491984.17;66.447611490885;991.31256103516
"2026-07-31 11:59:44";1785491984.243;67.419183904474;991.31307151101
"2026-07-31 11:59:44";1785491984.315;68.390706380208;991.3051554362
"2026-07-31 11:59:44";1785491984.387;69.40443166097;991.27579752604
"2026-07-31 11:59:44";1785491984.459;70.418273925781;991.23712666829
"2026-07-31 11:59:44";1785491984.647;0.81998952229818;991.32063293457
"2026-07-31 11:59:44";1785491984.835;1.8334986368815;991.30990600586
"2026-07-31 11:59:45";1785491985.024;2.8469772338867;991.30537414551
"2026-07-31 11:59:45";1785491985.212;3.8604431152344;991.30891418457
"2026-07-31 11:59:45";1785491985.4;4.8738733927409;991.3072865804
"2026-07-31 11:59:45";1785491985.588;5.8450261896307;991.31112948331
"2026-07-31 11:59:45";1785491985.776;6.8161977132161;991.31069946289
"2026-07-31 11:59:45";1785491985.964;7.8718426044171;991.3110539363
"2026-07-31 11:59:46";1785491986.152;8.8853260387074;991.3119839755
"2026-07-31 11:59:46";1785491986.34;9.8566309611003;991.3147277832
"2026-07-31 11:59:46";1785491986.529;10.870165506999;991.31517537435
"2026-07-31 11:59:46";1785491986.717;11.88370513916;991.3138478597
"2026-07-31 11:59:46";1785491986.905;12.897112528483;991.31051635742
"2026-07-31 11:59:47";1785491987.093;13.910530090332;991.31193033854
"2026-07-31 11:59:47";1785491987.281;14.923901875814;991.31134541829
"2026-07-31 11:59:47";1785491987.469;15.937362670898;991.31719462077
"2026-07-31 11:59:47";1785491987.657;16.95081837972;991.31686401367
"2026-07-31 11:59:47";1785491987.845;17.922005393288;991.3115234375
"2026-07-31 11:59:48";1785491988.034;18.935373159555;991.30899752103
"2026-07-31 11:59:48";1785491988.222;19.990964253743;991.30895996094
"2026-07-31 11:59:48";1785491988.41;20.962141557173;991.30834960938
"2026-07-31 11:59:48";1785491988.598;21.933369954427;991.30953979492
"2026-07-31 11:59:48";1785491988.786;22.989170954778;991.31826077975
"2026-07-31 11:59:48";1785491988.974;24.0026883212;991.32597212358
"2026-07-31 11:59:49";1785491989.162;24.974052429199;991.32494099935
"2026-07-31 11:59:49";1785491989.35;25.987584431966;991.32532246908
"2026-07-31 11:59:49";1785491989.539;27.043285663311;991.33182936448
"2026-07-31 11:59:49";1785491989.727;28.09895324707;991.32986450195
"2026-07-31 11:59:49";1785491989.915;29.112566630046;991.3389638265
"2026-07-31 11:59:50";1785491990.103;30.12622833252;991.33941141764
"2026-07-31 11:59:50";1785491990.291;31.139862060547;991.34248352051
"2026-07-31 11:59:50";1785491990.479;32.15340423584;991.33262125651
"2026-07-31 11:59:50";1785491990.667;33.166974385579;991.32861836751
"2026-07-31 11:59:50";1785491990.856;34.180442810059;991.32828776042
"2026-07-31 11:59:51";1785491991.044;35.193918863932;991.32413228353
"2026-07-31 11:59:51";1785491991.232;36.165277654474;991.32336425781
"2026-07-31 11:59:51";1785491991.42;37.136708577474;991.31936136882
"2026-07-31 11:59:51";1785491991.608;38.192591740535;991.32138765775
"2026-07-31 11:59:51";1785491991.796;39.206110174006;991.31873668324
"2026-07-31 11:59:51";1785491991.984;40.177472432454;991.32173156738
"2026-07-31 11:59:52";1785491992.172;41.191167195638;991.32722473145
"2026-07-31 11:59:52";1785491992.361;42.204828898112;991.3246307373
"2026-07-31 11:59:52";1785491992.549;43.21849822998;991.33557637533
"2026-07-31 11:59:52";1785491992.737;44.232187906901;991.33542378743
"2026-07-31 11:59:52";1785491992.925;45.245867411296;991.34359232585
"2026-07-31 11:59:53";1785491993.113;46.259569803874;991.35446675618
"2026-07-31 11:59:53";1785491993.301;47.273320515951;991.35625203451
"2026-07-31 11:59:53";1785491993.489;48.286928812663;991.35101318359
"2026-07-31 11:59:53";1785491993.677;49.300628662109;991.3563486735
"2026-07-31 11:59:53";1785491993.866;50.314236958822;991.36053975423
"2026-07-31 11:59:54";1785491994.054;51.327885945638;991.35587565104
"2026-07-31 11:59:54";1785491994.242;52.299313631925;991.3525057706
"2026-07-31 11:59:54";1785491994.43;53.31298828125;991.3490224985
"2026-07-31 11:59:54";1785491994.618;54.368827819824;991.34915669759
"2026-07-31 11:59:54";1785491994.806;55.340087890625;991.35180109197
"2026-07-31 11:59:54";1785491994.994;56.311314900716;991.35077921549
"2026-07-31 11:59:55";1785491995.182;57.324867248535;991.35053507487
"2026-07-31 11:59:55";1785491995.371;58.338500976562;991.3451944987
"2026-07-31 11:59:55";1785491995.559;59.35213470459;991.35349527995
"2026-07-31 11:59:55";1785491995.747;60.365727742513;991.34756978353
"2026-07-31 11:59:55";1785491995.935;61.379409790039;991.339747111
"2026-07-31 11:59:56";1785491996.123;62.393023173014;991.34045918783
"2026-07-31 11:59:56";1785491996.311;63.406588236491;991.34117635091
"2026-07-31 11:59:56";1785491996.499;64.42022450765;991.32692464193
"2026-07-31 11:59:56";1785491996.687;65.43386332194;991.32847086589
"2026-07-31 11:59:56";1785491996.876;66.447611490885;991.31256103516
"2026-07-31 11:59:57";1785491997.064;67.419183904474;991.31307151101
"2026-07-31 11:59:57";1785491997.252;68.390706380208;991.3051554362
"2026-07-31 11:59:57";1785491997.44;69.40443166097;991.27579752604
"2026-07-31 11:59:57";1785491997.628;70.418273925781;991.23712666829
"2026-07-31 11:59:57";1785491997.816;71.432042439779;991.20225016276
"2026-07-31 11:59:58";1785491998.004;72.445765177409;991.1696879069
"2026-07-31 11:59:58";1785491998.193;73.459531148275;991.14119466146
"2026-07-31 11:59:58";1785491998.381;74.473248799642;991.13016255697
"2026-07-31 11:59:58";1785491998.569;75.486999511719;991.12504577637
"2026-07-31 11:59:58";1785491998.757;76.500701904297;991.11857096354
"2026-07-31 11:59:58";1785491998.945;77.514391581217;991.11355082194
"2026-07-31 11:59:59";1785491999.133;78.528045654297;991.09868367513
"2026-07-31 11:59:59";1785491999.321;79.499470103871;991.09768399325
"2026-07-31 11:59:59";1785491999.509;80.513035700871;991.0873037485
"2026-07-31 11:59:59";1785491999.698;81.568799336751;991.08225504557
"2026-07-31 11:59:59";1785491999.886;82.582341512044;991.07162984212
"2026-07-31 12:00:00";1785492000.074;83.553674871271;991.06771573153
"2026-07-31 12:00:00";1785492000.262;84.525047302246;991.0608774821
"2026-07-31 12:00:00";1785492000.479;12.919187327921;991.28488504192
"2026-07-31 12:00:00";1785492000.55;15.420059293022;991.31245269123
"2026-07-31 12:00:00";1785492000.623;27.051015114628;991.32901909584
"2026-07-31 12:00:00";1785492000.697;38.688848239095;991.32570629816
"2026-07-31 12:00:00";1785492000.771;50.302695975816;991.35277949432
"2026-07-31 12:00:00";1785492000.845;61.882704166451;991.33749871302
"2026-07-31 12:00:00";1785492000.933;29.055776025732;991.27580012679
"2026-07-31 12:00:00";1785492000.993;44.222138626267;991.33045575067
"2026-07-31 12:00:01";1785492001.042;69.152111049425;991.1458879274
"2026-07-31 12:00:01";1785492001.148;2.3402379353841;991.30764007568
"2026-07-31 12:00:01";1785492001.211;3.8604431152344;991.30891418457
"2026-07-31 12:00:01";1785492001.274;5.3594497911858;991.30920803185
"2026-07-31 12:00:01";1785492001.358;7.3440201588166;991.3108766996
"2026-07-31 12:00:01";1785492001.442;9.3709784999038;991.31335587935
"2026-07-31 12:00:01";1785492001.526;11.37693532308;991.31451161703
"2026-07-31 12:00:01";1785492001.589;12.897112528483;991.31051635742
"2026-07-31 12:00:01";1785492001.652;14.417215983073;991.31163787842
"2026-07-31 12:00:01";1785492001.736;16.444090525309;991.31702931722
"2026-07-31 12:00:01";1785492001.82;18.428689276422;991.31026047927
"2026-07-31 12:00:01";1785492001.883;19.990964253743;991.30895996094
"2026-07-31 12:00:01";1785492001.945;21.4477557558;991.30894470215
"2026-07-31 12:00:02";1785492002.029;23.495929637989;991.32211645166
"2026-07-31 12:00:02";1785492002.113;25.480818430582;991.32513173422
"2026-07-31 12:00:02";1785492002.176;27.043285663311;991.33182936448
"2026-07-31 12:00:02";1785492002.239;28.605759938558;991.33441416423
"2026-07-31 12:00:02";1785492002.323;30.633045196534;991.34094746907
"2026-07-31 12:00:02";1785492002.407;32.660189310709;991.33061981201
"2026-07-31 12:00:02";1785492002.47;34.180442810059;991.32828776042
"2026-07-31 12:00:02";1785492002.533;35.679598259203;991.32374827067
"2026-07-31 12:00:02";1785492002.617;37.664650159005;991.32037451329
"2026-07-31 12:00:02";1785492002.701;39.69179130323;991.32023412531
"2026-07-31 12:00:02";1785492002.763;41.191167195638;991.32722473145
"2026-07-31 12:00:02";1785492002.826;42.711663564046;991.33010355631
"2026-07-31 12:00:02";1785492002.91;44.739027659098;991.33950805664
"2026-07-31 12:00:02";1785492002.994;46.766445159913;991.35535939534
"2026-07-31 12:00:03";1785492003.078;48.793778737386;991.35368092854
"2026-07-31 12:00:03";1785492003.141;50.314236958822;991.36053975423
"2026-07-31 12:00:03";1785492003.204;51.813599788782;991.35419071082
"2026-07-31 12:00:03";1785492003.288;53.840908050537;991.34908959804
"2026-07-31 12:00:03";1785492003.372;55.82570139567;991.35129015373
"2026-07-31 12:00:03";1785492003.435;57.324867248535;991.35053507487
"2026-07-31 12:00:03";1785492003.498;58.845317840576;991.34934488933
"2026-07-31 12:00:03";1785492003.581;60.872568766276;991.34365844726
"2026-07-31 12:00:03";1785492003.665;62.899805704752;991.34081776937
"2026-07-31 12:00:03";1785492003.728;64.42022450765;991.32692464193
"2026-07-31 12:00:03";1785492003.791;65.940737406412;991.32051595053
"2026-07-31 12:00:03";1785492003.875;67.904945142341;991.30911347361
"2026-07-31 12:00:03";1785492003.959;69.911352793375;991.25646209717
"2026-07-31 12:00:04";1785492004.022;71.432042439779;991.20225016276
"2026-07-31 12:00:04";1785492004.085;72.952648162842;991.15544128418
"2026-07-31 12:00:04";1785492004.169;74.98012415568;991.12760416667
"2026-07-31 12:00:04";1785492004.253;77.007546742757;991.11606089274
"2026-07-31 12:00:04";1785492004.316;78.528045654297;991.09868367513
"2026-07-31 12:00:04";1785492004.378;80.006252902371;991.09249387087
"2026-07-31 12:00:04";1785492004.462;82.075570424397;991.07694244385
"2026-07-31 12:00:04";1785492004.546;84.039361086759;991.06429660681
"2026-07-31 12:00:04";1785492004.609;85.538698832194;991.05186971029
"2026-07-31 12:00:04";1785492004.672;87.059050242107;991.03999328613
"2026-07-31 12:00:04";1785492004.756;89.086083730062;991.01965586344
"2026-07-31 12:00:04";1785492004.845;45.713287353516;991.16133371989
"2026-07-31 12:00:04";1785492004.922;1.8334986368815;991.30990600586
"2026-07-31 12:00:04";1785492004.974;2.8469772338867;991.30537414551
"2026-07-31 12:00:05";1785492005.052;4.3671582539877;991.30810038249
"2026-07-31 12:00:05";1785492005.129;5.8450261896307;991.31112948331
"2026-07-31 12:00:05";1785492005.207;7.3440201588166;991.3108766996
"2026-07-31 12:00:05";1785492005.285;8.8853260387074;991.3119839755
"2026-07-31 12:00:05";1785492005.362;10.36339823405;991.31495157877
"2026-07-31 12:00:05";1785492005.44;11.88370513916;991.3138478597
"2026-07-31 12:00:05";1785492005.492;12.897112528483;991.31051635742
"2026-07-31 12:00:05";1785492005.569;14.417215983073;991.31163787842
"2026-07-31 12:00:05";1785492005.647;15.937362670898;991.31719462077
"2026-07-31 12:00:05";1785492005.724;17.436411886504;991.31419372559
"2026-07-31 12:00:05";1785492005.802;18.935373159555;991.30899752103
"2026-07-31 12:00:05";1785492005.88;20.476552905458;991.30865478516
"2026-07-31 12:00:05";1785492005.957;21.933369954427;991.30953979492
"2026-07-31 12:00:06";1785492006.009;22.989170954778;991.31826077975
"2026-07-31 12:00:06";1785492006.087;24.4883703752;991.32545656146
"2026-07-31 12:00:06";1785492006.164;25.987584431966;991.32532246908
"2026-07-31 12:00:06";1785492006.242;27.57111945519;991.33084693322
"2026-07-31 12:00:06";1785492006.32;29.112566630046;991.3389638265
"2026-07-31 12:00:06";1785492006.397;30.633045196534;991.34094746907
"2026-07-31 12:00:06";1785492006.475;32.15340423584;991.33262125651
"2026-07-31 12:00:06";1785492006.527;33.166974385579;991.32861836751
"2026-07-31 12:00:06";1785492006.604;34.687180836995;991.32621002198
"2026-07-31 12:00:06";1785492006.682;36.165277654474;991.32336425781
"2026-07-31 12:00:06";1785492006.759;37.664650159005;991.32037451329
"2026-07-31 12:00:06";1785492006.837;39.206110174006;991.31873668324
"2026-07-31 12:00:06";1785492006.915;40.684319814046;991.32447814941
"2026-07-31 12:00:06";1785492006.992;42.204828898112;991.3246307373
"2026-07-31 12:00:07";1785492007.044;43.21849822998;991.33557637533
"2026-07-31 12:00:07";1785492007.122;44.739027659098;991.33950805664
"2026-07-31 12:00:07";1785492007.199;46.259569803874;991.35446675618
"2026-07-31 12:00:07";1785492007.277;47.780124664307;991.35363260905
"2026-07-31 12:00:07";1785492007.355;49.300628662109;991.3563486735
"2026-07-31 12:00:07";1785492007.406;50.314236958822;991.36053975423
"2026-07-31 12:00:07";1785492007.484;51.813599788782;991.35419071082
"2026-07-31 12:00:07";1785492007.562;53.31298828125;991.3490224985
"2026-07-31 12:00:07";1785492007.639;54.854457855224;991.35047889478
"2026-07-31 12:00:07";1785492007.717;56.311314900716;991.35077921549
"2026-07-31 12:00:07";1785492007.794;57.831684112549;991.34786478679
"2026-07-31 12:00:07";1785492007.872;59.35213470459;991.35349527995
"2026-07-31 12:00:07";1785492007.924;60.365727742513;991.34756978353
"2026-07-31 12:00:08";1785492008.001;61.886216481527;991.34010314941
"2026-07-31 12:00:08";1785492008.079;63.406588236491;991.34117635091
"2026-07-31 12:00:08";1785492008.157;64.927043914795;991.32769775391
"2026-07-31 12:00:08";1785492008.234;66.447611490885;991.31256103516
"2026-07-31 12:00:08";1785492008.312;67.904945142341;991.30911347361
"2026-07-31 12:00:08";1785492008.39;69.40443166097;991.27579752604
"2026-07-31 12:00:08";1785492008.441;70.418273925781;991.23712666829
"2026-07-31 12:00:08";1785492008.519;71.938903808594;991.18596903483
"2026-07-31 12:00:08";1785492008.597;73.459531148275;991.14119466146
"2026-07-31 12:00:08";1785492008.674;74.98012415568;991.12760416667
"2026-07-31 12:00:08";1785492008.752;76.500701904297;991.11857096354
"2026-07-31 12:00:08";1785492008.829;78.021218617757;991.10611724853
"2026-07-31 12:00:08";1785492008.907;79.499470103871;991.09768399325
"2026-07-31 12:00:08";1785492008.959;80.513035700871;991.0873037485
"2026-07-31 12:00:09";1785492009.036;82.075570424397;991.07694244385
"2026-07-31 12:00:09";1785492009.114;83.553674871271;991.06771573153
"2026-07-31 12:00:09";1785492009.192;85.03187306722;991.0563735962
"2026-07-31 12:00:09";1785492009.269;86.552299499512;991.04358927409
"2026-07-31 12:00:09";1785492009.347;88.07253519694;991.0320409139
"2026-07-31 12:00:09";1785492009.425;89.592898050944;991.01162719727
"2026-07-31 12:00:09";1785492009.476;90.606585184733;991.00203450521
"2026-07-31 12:00:09";1785492009.554;92.127029418945;991.00956726074
"2026-07-31 12:00:09";1785492009.632;93.647448221842;990.99680582682
"2026-07-31 12:00:09";1785492009.709;95.146931388162;990.99011854692
"2026-07-31 12:00:09";1785492009.785;0.81998952229818;991.32063293457
"2026-07-31 12:00:09";1785492009.861;2.3402379353841;991.30764007568
"2026-07-31 12:00:09";1785492009.936;3.8604431152344;991.30891418457
"2026-07-31 12:00:10";1785492010.012;5.3594497911858;991.30920803185
"2026-07-31 12:00:10";1785492010.087;6.8161977132161;991.31069946289
"2026-07-31 12:00:10";1785492010.162;8.3785843215623;991.3115189559
"2026-07-31 12:00:10";1785492010.238;9.8566309611003;991.3147277832
"2026-07-31 12:00:10";1785492010.313;11.37693532308;991.31451161703
"2026-07-31 12:00:10";1785492010.389;12.897112528483;991.31051635742
"2026-07-31 12:00:10";1785492010.439;13.910530090332;991.31193033854
"2026-07-31 12:00:10";1785492010.514;15.430632273356;991.31427001953
"2026-07-31 12:00:10";1785492010.59;16.95081837972;991.31686401367
"2026-07-31 12:00:10";1785492010.665;18.428689276422;991.31026047927
"2026-07-31 12:00:10";1785492010.741;19.990964253743;991.30895996094
"2026-07-31 12:00:10";1785492010.816;21.4477557558;991.30894470215
"2026-07-31 12:00:10";1785492010.892;22.989170954778;991.31826077975
"2026-07-31 12:00:10";1785492010.967;24.4883703752;991.32545656146
"2026-07-31 12:00:11";1785492011.043;25.987584431966;991.32532246908
"2026-07-31 12:00:11";1785492011.118;27.57111945519;991.33084693322
"2026-07-31 12:00:11";1785492011.193;29.112566630046;991.3389638265
"2026-07-31 12:00:11";1785492011.269;30.633045196534;991.34094746907
"2026-07-31 12:00:11";1785492011.344;32.15340423584;991.33262125651
"2026-07-31 12:00:11";1785492011.42;33.673708597819;991.32845306397
"2026-07-31 12:00:11";1785492011.495;35.193918863932;991.32413228353
"2026-07-31 12:00:11";1785492011.545;36.165277654474;991.32336425781
"2026-07-31 12:00:11";1785492011.621;37.664650159005;991.32037451329
"2026-07-31 12:00:11";1785492011.696;39.206110174006;991.31873668324
"2026-07-31 12:00:11";1785492011.772;40.684319814046;991.32447814941
"2026-07-31 12:00:11";1785492011.847;42.204828898112;991.3246307373
"2026-07-31 12:00:11";1785492011.923;43.72534306844;991.33550008138
"2026-07-31 12:00:11";1785492011.998;45.245867411296;991.34359232585
"2026-07-31 12:00:12";1785492012.073;46.766445159913;991.35535939534
"2026-07-31 12:00:12";1785492012.149;48.286928812663;991.35101318359
"2026-07-31 12:00:12";1785492012.224;49.807432810465;991.35844421386
"2026-07-31 12:00:12";1785492012.3;51.327885945638;991.35587565104
"2026-07-31 12:00:12";1785492012.375;52.806150956588;991.35076413455
"2026-07-31 12:00:12";1785492012.451;54.368827819824;991.34915669759
"2026-07-31 12:00:12";1785492012.526;55.82570139567;991.35129015373
"2026-07-31 12:00:12";1785492012.602;57.324867248535;991.35053507487
"2026-07-31 12:00:12";1785492012.677;58.845317840576;991.34934488933
"2026-07-31 12:00:12";1785492012.752;60.365727742513;991.34756978353
"2026-07-31 12:00:12";1785492012.803;61.379409790039;991.339747111
"2026-07-31 12:00:12";1785492012.878;62.899805704752;991.34081776937
"2026-07-31 12:00:12";1785492012.954;64.42022450765;991.32692464193
"2026-07-31 12:00:13";1785492013.029;65.940737406412;991.32051595053
"2026-07-31 12:00:13";1785492013.104;67.419183904474;991.31307151101
"2026-07-31 12:00:13";1785492013.18;68.897569020589;991.29047648112
"2026-07-31 12:00:13";1785492013.255;70.418273925781;991.23712666829
"2026-07-31 12:00:13";1785492013.331;71.938903808594;991.18596903483
"2026-07-31 12:00:13";1785492013.406;73.459531148275;991.14119466146
"2026-07-31 12:00:13";1785492013.482;74.98012415568;991.12760416667
"2026-07-31 12:00:13";1785492013.557;76.500701904297;991.11857096354
"2026-07-31 12:00:13";1785492013.632;78.021218617757;991.10611724853
"2026-07-31 12:00:13";1785492013.708;79.499470103871;991.09768399325
"2026-07-31 12:00:13";1785492013.783;81.040917518811;991.08477939703
"2026-07-31 12:00:13";1785492013.859;82.582341512044;991.07162984212
"2026-07-31 12:00:13";1785492013.934;84.039361086759;991.06429660681
"2026-07-31 12:00:14";1785492014.01;85.538698832194;991.05186971029
"2026-07-31 12:00:14";1785492014.06;86.552299499512;991.04358927409
"2026-07-31 12:00:14";1785492014.135;88.07253519694;991.0320409139
"2026-07-31 12:00:14";1785492014.211;89.592898050944;991.01162719727
"2026-07-31 12:00:14";1785492014.286;91.113413492839;991.00585428874
"2026-07-31 12:00:14";1785492014.362;92.633817036947;991.00946044922
"2026-07-31 12:00:14";1785492014.437;94.154332478841;990.9946416219
"2026-07-31 12:00:14";1785492014.512;95.632646040483;990.98775967685
"2026-07-31 12:00:14";1785492014.588;97.174224462265;990.9938284067
"2026-07-31 12:00:14";1785492014.663;98.673686634411;990.97111927379
"2026-07-31 12:00:14";1785492014.739;100.15211105346;990.95776875814
"2026-07-31 12:00:14";1785492014.812;0.81998952229818;991.32063293457
"2026-07-31 12:00:14";1785492014.884;2.3402379353841;991.30764007568
"2026-07-31 12:00:14";1785492014.955;3.8604431152344;991.30891418457
"2026-07-31 12:00:15";1785492015.027;5.3594497911858;991.30920803185
"2026-07-31 12:00:15";1785492015.099;6.8161977132161;991.31069946289
"2026-07-31 12:00:15";1785492015.171;8.3785843215623;991.3115189559
"2026-07-31 12:00:15";1785492015.243;9.8566309611003;991.3147277832
"2026-07-31 12:00:15";1785492015.315;11.37693532308;991.31451161703
"2026-07-31 12:00:15";1785492015.41;13.403821309407;991.31122334798
"2026-07-31 12:00:15";1785492015.482;14.923901875814;991.31134541829
"2026-07-31 12:00:15";1785492015.554;16.444090525309;991.31702931722
"2026-07-31 12:00:15";1785492015.626;17.922005393288;991.3115234375
"2026-07-31 12:00:15";1785492015.698;19.463168706649;991.30897874099
"2026-07-31 12:00:15";1785492015.769;20.962141557173;991.30834960938
"2026-07-31 12:00:15";1785492015.841;22.461270454602;991.31390028733
"2026-07-31 12:00:15";1785492015.913;24.0026883212;991.32597212358
"2026-07-31 12:00:15";1785492015.985;25.480818430582;991.32513173422
"2026-07-31 12:00:16";1785492016.057;27.043285663311;991.33182936448
"2026-07-31 12:00:16";1785492016.129;28.605759938558;991.33441416423
"2026-07-31 12:00:16";1785492016.224;30.633045196534;991.34094746907
"2026-07-31 12:00:16";1785492016.296;32.15340423584;991.33262125651
"2026-07-31 12:00:16";1785492016.368;33.673708597819;991.32845306397
"2026-07-31 12:00:16";1785492016.44;35.193918863932;991.32413228353
"2026-07-31 12:00:16";1785492016.512;36.650993115974;991.32136281331
"2026-07-31 12:00:16";1785492016.584;38.192591740535;991.32138765775
"2026-07-31 12:00:16";1785492016.655;39.69179130323;991.32023412531
"2026-07-31 12:00:16";1785492016.727;41.191167195638;991.32722473145
"2026-07-31 12:00:16";1785492016.799;42.711663564046;991.33010355631
"2026-07-31 12:00:16";1785492016.871;44.232187906901;991.33542378743
"2026-07-31 12:00:16";1785492016.943;45.752718607585;991.34902954101
"2026-07-31 12:00:17";1785492017.038;47.780124664307;991.35363260905
"2026-07-31 12:00:17";1785492017.11;49.300628662109;991.3563486735
"2026-07-31 12:00:17";1785492017.182;50.82106145223;991.35820770264
"2026-07-31 12:00:17";1785492017.254;52.299313631925;991.3525057706
"2026-07-31 12:00:17";1785492017.326;53.840908050537;991.34908959804
"2026-07-31 12:00:17";1785492017.398;55.340087890625;991.35180109197
"2026-07-31 12:00:17";1785492017.469;56.818091074625;991.35065714518
"2026-07-31 12:00:17";1785492017.541;58.338500976562;991.3451944987
"2026-07-31 12:00:17";1785492017.613;59.858931223552;991.35053253174
"2026-07-31 12:00:17";1785492017.685;61.379409790039;991.339747111
"2026-07-31 12:00:17";1785492017.757;62.899805704752;991.34081776937
"2026-07-31 12:00:17";1785492017.829;64.42022450765;991.32692464193
"2026-07-31 12:00:17";1785492017.9;65.940737406412;991.32051595053
"2026-07-31 12:00:17";1785492017.996;67.904945142341;991.30911347361
"2026-07-31 12:00:18";1785492018.068;69.40443166097;991.27579752604
"2026-07-31 12:00:18";1785492018.14;70.92515818278;991.21968841553
"2026-07-31 12:00:18";1785492018.212;72.445765177409;991.1696879069
"2026-07-31 12:00:18";1785492018.283;73.966389973958;991.13567860922
"2026-07-31 12:00:18";1785492018.355;75.486999511719;991.12504577637
"2026-07-31 12:00:18";1785492018.427;77.007546742757;991.11606089274
"2026-07-31 12:00:18";1785492018.499;78.528045654297;991.09868367513
"2026-07-31 12:00:18";1785492018.571;80.006252902371;991.09249387087
"2026-07-31 12:00:18";1785492018.643;81.568799336751;991.08225504557
"2026-07-31 12:00:18";1785492018.714;83.068008191657;991.06967278683
"2026-07-31 12:00:18";1785492018.81;85.03187306722;991.0563735962
"2026-07-31 12:00:18";1785492018.882;86.552299499512;991.04358927409
"2026-07-31 12:00:18";1785492018.954;88.07253519694;991.0320409139
"2026-07-31 12:00:19";1785492019.026;89.592898050944;991.01162719727
"2026-07-31 12:00:19";1785492019.097;91.113413492839;991.00585428874
"2026-07-31 12:00:19";1785492019.169;92.633817036947;991.00946044922
"2026-07-31 12:00:19";1785492019.241;94.154332478841;990.9946416219
"2026-07-31 12:00:19";1785492019.313;95.632646040483;990.98775967685
"2026-07-31 12:00:19";1785492019.385;97.174224462265;990.9938284067
"2026-07-31 12:00:19";1785492019.457;98.673686634411;990.97111927379
"2026-07-31 12:00:19";1785492019.528;100.15211105346;990.95776875814
"2026-07-31 12:00:19";1785492019.624;102.17944081625;990.95502726237
"2026-07-31 12:00:19";1785492019.696;103.69984436035;990.95871480306
"2026-07-31 12:00:19";1785492019.768;105.22034962972;990.96200561523
"2026-07-31 12:00:19";1785492019.838;0.81998952229818;991.32063293457
"2026-07-31 12:00:19";1785492019.907;2.3402379353841;991.30764007568
"2026-07-31 12:00:19";1785492019.977;3.8604431152344;991.30891418457
"2026-07-31 12:00:20";1785492020.046;5.3594497911858;991.30920803185
"2026-07-31 12:00:20";1785492020.138;7.3440201588166;991.3108766996
"2026-07-31 12:00:20";1785492020.208;8.8853260387074;991.3119839755
"2026-07-31 12:00:20";1785492020.277;10.36339823405;991.31495157877
"2026-07-31 12:00:20";1785492020.346;11.88370513916;991.3138478597
"2026-07-31 12:00:20";1785492020.415;13.403821309407;991.31122334798
"2026-07-31 12:00:20";1785492020.508;15.430632273356;991.31427001953
"2026-07-31 12:00:20";1785492020.577;16.95081837972;991.31686401367
"2026-07-31 12:00:20";1785492020.646;18.428689276422;991.31026047927
"2026-07-31 12:00:20";1785492020.716;19.990964253743;991.30895996094
"2026-07-31 12:00:20";1785492020.785;21.4477557558;991.30894470215
"2026-07-31 12:00:20";1785492020.877;23.495929637989;991.32211645166
"2026-07-31 12:00:20";1785492020.947;24.974052429199;991.32494099935
"2026-07-31 12:00:21";1785492021.016;26.515435047638;991.32857591678
"2026-07-31 12:00:21";1785492021.085;28.09895324707;991.32986450195
"2026-07-31 12:00:21";1785492021.155;29.619397481283;991.33918762207
"2026-07-31 12:00:21";1785492021.247;31.646633148194;991.33755238851
"2026-07-31 12:00:21";1785492021.316;33.166974385579;991.32861836751
"2026-07-31 12:00:21";1785492021.386;34.687180836995;991.32621002198
"2026-07-31 12:00:21";1785492021.455;36.165277654474;991.32336425781
"2026-07-31 12:00:21";1785492021.524;37.664650159005;991.32037451329
"2026-07-31 12:00:21";1785492021.617;39.69179130323;991.32023412531
"2026-07-31 12:00:21";1785492021.686;41.191167195638;991.32722473145
"2026-07-31 12:00:21";1785492021.755;42.711663564046;991.33010355631
"2026-07-31 12:00:21";1785492021.825;44.232187906901;991.33542378743
"2026-07-31 12:00:21";1785492021.894;45.752718607585;991.34902954101
"2026-07-31 12:00:21";1785492021.986;47.780124664307;991.35363260905
"2026-07-31 12:00:22";1785492022.056;49.300628662109;991.3563486735
"2026-07-31 12:00:22";1785492022.125;50.82106145223;991.35820770264
"2026-07-31 12:00:22";1785492022.194;52.299313631925;991.3525057706
"2026-07-31 12:00:22";1785492022.263;53.840908050537;991.34908959804
"2026-07-31 12:00:22";1785492022.356;55.82570139567;991.35129015373
"2026-07-31 12:00:22";1785492022.425;57.324867248535;991.35053507487
"2026-07-31 12:00:22";1785492022.494;58.845317840576;991.34934488933
"2026-07-31 12:00:22";1785492022.564;60.365727742513;991.34756978353
"2026-07-31 12:00:22";1785492022.633;61.886216481527;991.34010314941
"2026-07-31 12:00:22";1785492022.725;63.91340637207;991.33405049642
"2026-07-31 12:00:22";1785492022.795;65.43386332194;991.32847086589
"2026-07-31 12:00:22";1785492022.864;66.933397697679;991.31281627308
"2026-07-31 12:00:22";1785492022.933;68.390706380208;991.3051554362
"2026-07-31 12:00:23";1785492023.003;69.911352793375;991.25646209717
"2026-07-31 12:00:23";1785492023.095;71.938903808594;991.18596903483
"2026-07-31 12:00:23";1785492023.164;73.459531148275;991.14119466146
"2026-07-31 12:00:23";1785492023.234;74.98012415568;991.12760416667
"2026-07-31 12:00:23";1785492023.303;76.500701904297;991.11857096354
"2026-07-31 12:00:23";1785492023.372;78.021218617757;991.10611724853
"2026-07-31 12:00:23";1785492023.465;80.006252902371;991.09249387087
"2026-07-31 12:00:23";1785492023.534;81.568799336751;991.08225504557
"2026-07-31 12:00:23";1785492023.603;83.068008191657;991.06967278683
"2026-07-31 12:00:23";1785492023.672;84.525047302246;991.0608774821
"2026-07-31 12:00:23";1785492023.742;86.045499165853;991.04772949219
"2026-07-31 12:00:23";1785492023.834;88.07253519694;991.0320409139
"2026-07-31 12:00:23";1785492023.903;89.592898050944;991.01162719727
"2026-07-31 12:00:23";1785492023.973;91.113413492839;991.00585428874
"2026-07-31 12:00:24";1785492024.042;92.633817036947;991.00946044922
"2026-07-31 12:00:24";1785492024.111;94.154332478841;990.9946416219
"2026-07-31 12:00:24";1785492024.204;96.13946309123;990.99240795215
"2026-07-31 12:00:24";1785492024.273;97.702168782552;990.99060058594
"2026-07-31 12:00:24";1785492024.342;99.159453536525;990.9686198379
"2026-07-31 12:00:24";1785492024.412;100.65900166829;990.94941711426
"2026-07-31 12:00:24";1785492024.481;102.17944081625;990.95502726237
"2026-07-31 12:00:24";1785492024.573;104.20667775472;990.96209462484
"2026-07-31 12:00:24";1785492024.643;105.72718811035;990.95853678385
"2026-07-31 12:00:24";1785492024.712;107.2054059222;990.97028697621
"2026-07-31 12:00:24";1785492024.781;108.76811218262;990.98378499349
"2026-07-31 12:00:24";1785492024.851;110.22515383633;990.98000613126
"2026-07-31 12:00:24";1785492024.939;1.3267440795898;991.31526947021
"2026-07-31 12:00:25";1785492025.005;2.8469772338867;991.30537414551
"2026-07-31 12:00:25";1785492025.07;4.3671582539877;991.30810038249
"2026-07-31 12:00:25";1785492025.157;6.3306119514234;991.3109144731
"2026-07-31 12:00:25";1785492025.223;7.8718426044171;991.3110539363
"2026-07-31 12:00:25";1785492025.288;9.3709784999038;991.31335587935
"2026-07-31 12:00:25";1785492025.375;11.37693532308;991.31451161703
"2026-07-31 12:00:25";1785492025.463;13.403821309407;991.31122334798
"2026-07-31 12:00:25";1785492025.528;14.923901875814;991.31134541829
"2026-07-31 12:00:25";1785492025.594;16.444090525309;991.31702931722
"2026-07-31 12:00:25";1785492025.681;18.428689276422;991.31026047927
"2026-07-31 12:00:25";1785492025.746;19.990964253743;991.30895996094
"2026-07-31 12:00:25";1785492025.812;21.4477557558;991.30894470215
"2026-07-31 12:00:25";1785492025.899;23.495929637989;991.32211645166
"2026-07-31 12:00:25";1785492025.964;24.974052429199;991.32494099935
"2026-07-31 12:00:26";1785492026.03;26.515435047638;991.32857591678
"2026-07-31 12:00:26";1785492026.117;28.605759938558;991.33441416423
"2026-07-31 12:00:26";1785492026.183;30.12622833252;991.33941141764
"2026-07-31 12:00:26";1785492026.248;31.646633148194;991.33755238851
"2026-07-31 12:00:26";1785492026.335;33.673708597819;991.32845306397
"2026-07-31 12:00:26";1785492026.423;35.679598259203;991.32374827067
"2026-07-31 12:00:26";1785492026.488;37.136708577474;991.31936136882
"2026-07-31 12:00:26";1785492026.553;38.69935095727;991.3200621705
"2026-07-31 12:00:26";1785492026.641;40.684319814046;991.32447814941
"2026-07-31 12:00:26";1785492026.706;42.204828898112;991.3246307373
"2026-07-31 12:00:26";1785492026.772;43.72534306844;991.33550008138
"2026-07-31 12:00:26";1785492026.859;45.752718607585;991.34902954101
"2026-07-31 12:00:26";1785492026.924;47.273320515951;991.35625203451
"2026-07-31 12:00:26";1785492026.99;48.793778737386;991.35368092854
"2026-07-31 12:00:27";1785492027.077;50.82106145223;991.35820770264
"2026-07-31 12:00:27";1785492027.143;52.299313631925;991.3525057706
"2026-07-31 12:00:27";1785492027.208;53.840908050537;991.34908959804
"2026-07-31 12:00:27";1785492027.295;55.82570139567;991.35129015373
"2026-07-31 12:00:27";1785492027.383;57.831684112549;991.34786478679
"2026-07-31 12:00:27";1785492027.448;59.35213470459;991.35349527995
"2026-07-31 12:00:27";1785492027.513;60.872568766276;991.34365844726
"2026-07-31 12:00:27";1785492027.601;62.899805704752;991.34081776937
"2026-07-31 12:00:27";1785492027.666;64.42022450765;991.32692464193
"2026-07-31 12:00:27";1785492027.732;65.940737406412;991.32051595053
"2026-07-31 12:00:27";1785492027.819;67.904945142341;991.30911347361
"2026-07-31 12:00:27";1785492027.884;69.40443166097;991.27579752604
"2026-07-31 12:00:27";1785492027.95;70.92515818278;991.21968841553
"2026-07-31 12:00:28";1785492028.037;72.952648162842;991.15544128418
"2026-07-31 12:00:28";1785492028.102;74.473248799642;991.13016255697
"2026-07-31 12:00:28";1785492028.168;75.993850708008;991.12180836996
"2026-07-31 12:00:28";1785492028.255;78.021218617757;991.10611724853
"2026-07-31 12:00:28";1785492028.342;80.006252902371;991.09249387087
"2026-07-31 12:00:28";1785492028.408;81.568799336751;991.08225504557
"2026-07-31 12:00:28";1785492028.473;83.068008191657;991.06967278683
"2026-07-31 12:00:28";1785492028.561;85.03187306722;991.0563735962
"2026-07-31 12:00:28";1785492028.626;86.552299499512;991.04358927409
"2026-07-31 12:00:28";1785492028.692;88.07253519694;991.0320409139
"2026-07-31 12:00:28";1785492028.779;90.099741617839;991.00683085124
"2026-07-31 12:00:28";1785492028.844;91.620241800944;991.00967407227
"2026-07-31 12:00:28";1785492028.91;93.140632629395;991.00313313802
"2026-07-31 12:00:28";1785492028.997;95.146931388162;990.99011854692
"2026-07-31 12:00:29";1785492029.062;96.646280141977;990.99705622746
"2026-07-31 12:00:29";1785492029.128;98.187927708481;990.98085992987
"2026-07-31 12:00:29";1785492029.215;100.15211105346;990.95776875814
"2026-07-31 12:00:29";1785492029.302;102.17944081625;990.95502726237
"2026-07-31 12:00:29";1785492029.368;103.69984436035;990.95871480306
"2026-07-31 12:00:29";1785492029.433;105.22034962972;990.96200561523
"2026-07-31 12:00:29";1785492029.521;107.2054059222;990.97028697621
"2026-07-31 12:00:29";1785492029.586;108.76811218262;990.98378499349
"2026-07-31 12:00:29";1785492029.651;110.22515383633;990.98000613126
"2026-07-31 12:00:29";1785492029.739;112.25248591105;990.95754613632
"2026-07-31 12:00:29";1785492029.804;113.79419222745;990.94908003374
"2026-07-31 12:00:29";1785492029.87;115.27263768514;990.9316813151
"2026-07-31 12:00:29";1785492029.955;1.3267440795898;991.31526947021
"2026-07-31 12:00:30";1785492030.039;3.3537101745605;991.30714416504
"2026-07-31 12:00:30";1785492030.102;4.8738733927409;991.3072865804
"2026-07-31 12:00:30";1785492030.165;6.3306119514234;991.3109144731
"2026-07-31 12:00:30";1785492030.249;8.3785843215623;991.3115189559
"2026-07-31 12:00:30";1785492030.333;10.36339823405;991.31495157877
"2026-07-31 12:00:30";1785492030.397;11.88370513916;991.3138478597
"2026-07-31 12:00:30";1785492030.46;13.403821309407;991.31122334798
"2026-07-31 12:00:30";1785492030.544;15.430632273356;991.31427001953
"2026-07-31 12:00:30";1785492030.628;17.436411886504;991.31419372559
"2026-07-31 12:00:30";1785492030.691;18.935373159555;991.30899752103
"2026-07-31 12:00:30";1785492030.754;20.476552905458;991.30865478516
"2026-07-31 12:00:30";1785492030.839;22.461270454602;991.31390028733
"2026-07-31 12:00:30";1785492030.923;24.4883703752;991.32545656146
"2026-07-31 12:00:30";1785492030.986;25.987584431966;991.32532246908
"2026-07-31 12:00:31";1785492031.049;27.57111945519;991.33084693322
"2026-07-31 12:00:31";1785492031.133;29.619397481283;991.33918762207
"2026-07-31 12:00:31";1785492031.217;31.646633148194;991.33755238851
"2026-07-31 12:00:31";1785492031.281;33.166974385579;991.32861836751
"2026-07-31 12:00:31";1785492031.344;34.687180836995;991.32621002198
"2026-07-31 12:00:31";1785492031.428;36.650993115974;991.32136281331
"2026-07-31 12:00:31";1785492031.512;38.69935095727;991.3200621705
"2026-07-31 12:00:31";1785492031.575;40.177472432454;991.32173156738
"2026-07-31 12:00:31";1785492031.638;41.697998046875;991.32592773438
"2026-07-31 12:00:31";1785492031.723;43.72534306844;991.33550008138
"2026-07-31 12:00:31";1785492031.807;45.752718607585;991.34902954101
"2026-07-31 12:00:31";1785492031.891;47.780124664307;991.35363260905
"2026-07-31 12:00:31";1785492031.954;49.300628662109;991.3563486735
"2026-07-31 12:00:32";1785492032.017;50.82106145223;991.35820770264
"2026-07-31 12:00:32";1785492032.101;52.806150956588;991.35076413455
"2026-07-31 12:00:32";1785492032.186;54.854457855224;991.35047889478
"2026-07-31 12:00:32";1785492032.249;56.311314900716;991.35077921549
"2026-07-31 12:00:32";1785492032.312;57.831684112549;991.34786478679
"2026-07-31 12:00:32";1785492032.396;59.858931223552;991.35053253174
"2026-07-31 12:00:32";1785492032.48;61.886216481527;991.34010314941
"2026-07-31 12:00:32";1785492032.543;63.406588236491;991.34117635091
"2026-07-31 12:00:32";1785492032.607;64.927043914795;991.32769775391
"2026-07-31 12:00:32";1785492032.691;66.933397697679;991.31281627308
"2026-07-31 12:00:32";1785492032.775;68.897569020589;991.29047648112
"2026-07-31 12:00:32";1785492032.838;70.418273925781;991.23712666829
"2026-07-31 12:00:32";1785492032.901;71.938903808594;991.18596903483
"2026-07-31 12:00:32";1785492032.985;73.966389973958;991.13567860922
"2026-07-31 12:00:33";1785492033.07;75.993850708008;991.12180836996
"2026-07-31 12:00:33";1785492033.133;77.514391581217;991.11355082194
"2026-07-31 12:00:33";1785492033.196;79.013757879084;991.09818383419
"2026-07-31 12:00:33";1785492033.28;81.040917518811;991.08477939703
"2026-07-31 12:00:33";1785492033.364;83.068008191657;991.06967278683
"2026-07-31 12:00:33";1785492033.427;84.525047302246;991.0608774821
"2026-07-31 12:00:33";1785492033.491;86.045499165853;991.04772949219
"2026-07-31 12:00:33";1785492033.575;88.07253519694;991.0320409139
"2026-07-31 12:00:33";1785492033.659;90.099741617839;991.00683085124
"2026-07-31 12:00:33";1785492033.722;91.620241800944;991.00967407227
"2026-07-31 12:00:33";1785492033.785;93.140632629395;991.00313313802
"2026-07-31 12:00:33";1785492033.869;95.146931388162;990.99011854692
"2026-07-31 12:00:33";1785492033.954;97.174224462265;990.9938284067
"2026-07-31 12:00:34";1785492034.017;98.673686634411;990.97111927379
"2026-07-31 12:00:34";1785492034.08;100.15211105346;990.95776875814
"2026-07-31 12:00:34";1785492034.164;102.17944081625;990.95502726237
"2026-07-31 12:00:34";1785492034.248;104.20667775472;990.96209462484
"2026-07-31 12:00:34";1785492034.311;105.72718811035;990.95853678385
"2026-07-31 12:00:34";1785492034.375;107.2054059222;990.97028697621
"2026-07-31 12:00:34";1785492034.459;109.25377932462;990.98533399177
"2026-07-31 12:00:34";1785492034.543;111.21768824259;990.9708887736
"2026-07-31 12:00:34";1785492034.606;112.78045654297;990.9464439979
"2026-07-31 12:00:34";1785492034.669;114.27998109297;990.94249147358
"2026-07-31 12:00:34";1785492034.753;116.28627268473;990.92692820231
"2026-07-31 12:00:34";1785492034.838;118.31333033243;990.93070983887
"2026-07-31 12:00:34";1785492034.901;119.83353932699;990.91994730632
"2026-07-31 12:00:34";1785492034.975;41.166833665637;991.17866007487
"2026-07-31 12:00:35";1785492035.057;3.3537101745605;991.30714416504
"2026-07-31 12:00:35";1785492035.122;5.3594497911858;991.30920803185
"2026-07-31 12:00:35";1785492035.204;7.8577887854469;991.31124579156
"2026-07-31 12:00:35";1785492035.286;10.36339823405;991.31495157877
"2026-07-31 12:00:35";1785492035.351;12.390408833821;991.31218210856
"2026-07-31 12:00:35";1785492035.416;14.417215983073;991.31163787842
"2026-07-31 12:00:35";1785492035.498;16.936728814635;991.31519402398
"2026-07-31 12:00:35";1785492035.58;19.463168706649;991.30897874099
"2026-07-31 12:00:35";1785492035.645;21.4477557558;991.30894470215
"2026-07-31 12:00:35";1785492035.71;23.495929637989;991.32211645166
"2026-07-31 12:00:35";1785492035.792;26.001640841492;991.32736427764
"2026-07-31 12:00:35";1785492035.873;28.605759938558;991.33441416423
"2026-07-31 12:00:35";1785492035.939;30.633045196534;991.34094746907
"2026-07-31 12:00:36";1785492036.004;32.660189310709;991.33061981201
"2026-07-31 12:00:36";1785492036.086;35.179879776155;991.32526143392
"2026-07-31 12:00:36";1785492036.167;37.664650159005;991.32037451329
"2026-07-31 12:00:36";1785492036.233;39.69179130323;991.32023412531
"2026-07-31 12:00:36";1785492036.298;41.697998046875;991.32592773438
"2026-07-31 12:00:36";1785492036.38;44.232184516059;991.3381974962
"2026-07-31 12:00:36";1785492036.461;46.766445159913;991.35535939534
"2026-07-31 12:00:36";1785492036.527;48.793778737386;991.35368092854
"2026-07-31 12:00:36";1785492036.608;51.313812178795;991.35630705862
"2026-07-31 12:00:36";1785492036.69;53.840908050537;991.34908959804
"2026-07-31 12:00:36";1785492036.755;55.82570139567;991.35129015373
"2026-07-31 12:00:36";1785492036.82;57.831684112549;991.34786478679
"2026-07-31 12:00:36";1785492036.902;60.365757412381;991.34693739149
"2026-07-31 12:00:36";1785492036.984;62.899805704752;991.34081776937
"2026-07-31 12:00:37";1785492037.049;64.927043914795;991.32769775391
"2026-07-31 12:00:37";1785492037.114;66.933397697679;991.31281627308
"2026-07-31 12:00:37";1785492037.196;69.404470655653;991.27269321018
"2026-07-31 12:00:37";1785492037.278;71.938903808594;991.18596903483
"2026-07-31 12:00:37";1785492037.343;73.966389973958;991.13567860922
"2026-07-31 12:00:37";1785492037.408;75.993850708008;991.12180836996
"2026-07-31 12:00:37";1785492037.49;78.513969113128;991.10330616344
"2026-07-31 12:00:37";1785492037.571;81.040917518811;991.08477939703
"2026-07-31 12:00:37";1785492037.637;83.068008191657;991.06967278683
"2026-07-31 12:00:37";1785492037.702;85.03187306722;991.0563735962
"2026-07-31 12:00:37";1785492037.784;87.565789964464;991.0358903673
"2026-07-31 12:00:37";1785492037.865;90.099741617839;991.00683085124
"2026-07-31 12:00:37";1785492037.931;92.127029418945;991.00956726074
"2026-07-31 12:00:37";1785492037.996;94.154332478841;990.9946416219
"2026-07-31 12:00:38";1785492038.078;96.660364988337;990.99180549675
"2026-07-31 12:00:38";1785492038.159;99.159453536525;990.9686198379
"2026-07-31 12:00:38";1785492038.225;101.16582361857;990.95136260986
"2026-07-31 12:00:38";1785492038.306;103.69986385769;990.96031188965
"2026-07-31 12:00:38";1785492038.388;106.21290796453;990.96286103219
"2026-07-31 12:00:38";1785492038.453;108.24014810415;990.97858683268
"2026-07-31 12:00:38";1785492038.518;110.22515383633;990.98000613126
"2026-07-31 12:00:38";1785492038.6;112.76638801652;990.95472410213
"2026-07-31 12:00:38";1785492038.682;115.27263768514;990.9316813151
"2026-07-31 12:00:38";1785492038.747;117.29979960123;990.92820739747
"2026-07-31 12:00:38";1785492038.812;119.32682037353;990.92567443848
"2026-07-31 12:00:38";1785492038.894;121.84640818895;990.90880083797
"2026-07-31 12:00:38";1785492038.976;124.37292901064;990.90182084304
"2026-07-31 12:00:39";1785492039.05;1.3267440795898;991.31526947021
"2026-07-31 12:00:39";1785492039.128;3.3537101745605;991.30714416504
"2026-07-31 12:00:39";1785492039.206;5.3594497911858;991.30920803185
"2026-07-31 12:00:39";1785492039.265;6.8161977132161;991.31069946289
"2026-07-31 12:00:39";1785492039.323;8.3785843215623;991.3115189559
"2026-07-31 12:00:39";1785492039.401;10.36339823405;991.31495157877
"2026-07-31 12:00:39";1785492039.479;12.390408833821;991.31218210856
"2026-07-31 12:00:39";1785492039.557;14.417215983073;991.31163787842
"2026-07-31 12:00:39";1785492039.635;16.444090525309;991.31702931722
"2026-07-31 12:00:39";1785492039.713;18.428689276422;991.31026047927
"2026-07-31 12:00:39";1785492039.791;20.476552905458;991.30865478516
"2026-07-31 12:00:39";1785492039.869;22.461270454602;991.31390028733
"2026-07-31 12:00:39";1785492039.928;24.0026883212;991.32597212358
"2026-07-31 12:00:39";1785492039.986;25.480818430582;991.32513173422
"2026-07-31 12:00:40";1785492040.064;27.57111945519;991.33084693322
"2026-07-31 12:00:40";1785492040.142;29.619397481283;991.33918762207
"2026-07-31 12:00:40";1785492040.22;31.646633148194;991.33755238851
"2026-07-31 12:00:40";1785492040.298;33.673708597819;991.32845306397
"2026-07-31 12:00:40";1785492040.376;35.679598259203;991.32374827067
"2026-07-31 12:00:40";1785492040.454;37.664650159005;991.32037451329
"2026-07-31 12:00:40";1785492040.532;39.69179130323;991.32023412531
"2026-07-31 12:00:40";1785492040.61;41.697998046875;991.32592773438
"2026-07-31 12:00:40";1785492040.668;43.21849822998;991.33557637533
"2026-07-31 12:00:40";1785492040.727;44.739027659098;991.33950805664
"2026-07-31 12:00:40";1785492040.805;46.766445159913;991.35535939534
"2026-07-31 12:00:40";1785492040.883;48.793778737386;991.35368092854
"2026-07-31 12:00:40";1785492040.961;50.82106145223;991.35820770264
"2026-07-31 12:00:41";1785492041.039;52.806150956588;991.35076413455
"2026-07-31 12:00:41";1785492041.117;54.854457855224;991.35047889478
"2026-07-31 12:00:41";1785492041.195;56.818091074625;991.35065714518
"2026-07-31 12:00:41";1785492041.273;58.845317840576;991.34934488933
"2026-07-31 12:00:41";1785492041.331;60.365727742513;991.34756978353
"2026-07-31 12:00:41";1785492041.39;61.886216481527;991.34010314941
"2026-07-31 12:00:41";1785492041.468;63.91340637207;991.33405049642
"2026-07-31 12:00:41";1785492041.546;65.940737406412;991.32051595053
"2026-07-31 12:00:41";1785492041.623;67.904945142341;991.30911347361
"2026-07-31 12:00:41";1785492041.701;69.911352793375;991.25646209717
"2026-07-31 12:00:41";1785492041.779;71.938903808594;991.18596903483
"2026-07-31 12:00:41";1785492041.857;73.966389973958;991.13567860922
"2026-07-31 12:00:41";1785492041.935;75.993850708008;991.12180836996
"2026-07-31 12:00:42";1785492042.013;78.021218617757;991.10611724853
"2026-07-31 12:00:42";1785492042.072;79.499470103871;991.09768399325
"2026-07-31 12:00:42";1785492042.13;81.040917518811;991.08477939703
"2026-07-31 12:00:42";1785492042.208;83.068008191657;991.06967278683
"2026-07-31 12:00:42";1785492042.286;85.03187306722;991.0563735962
"2026-07-31 12:00:42";1785492042.364;87.059050242107;991.03999328613
"2026-07-31 12:00:42";1785492042.442;89.086083730062;991.01965586344
"2026-07-31 12:00:42";1785492042.52;91.113413492839;991.00585428874
"2026-07-31 12:00:42";1785492042.598;93.140632629395;991.00313313802
"2026-07-31 12:00:42";1785492042.676;95.146931388162;990.99011854692
"2026-07-31 12:00:42";1785492042.735;96.646280141977;990.99705622746
"2026-07-31 12:00:42";1785492042.793;98.187927708481;990.98085992987
"2026-07-31 12:00:42";1785492042.871;100.15211105346;990.95776875814
"2026-07-31 12:00:42";1785492042.949;102.17944081625;990.95502726237
"2026-07-31 12:00:43";1785492043.027;104.20667775472;990.96209462484
"2026-07-31 12:00:43";1785492043.105;106.21290796453;990.96286103219
"2026-07-31 12:00:43";1785492043.183;108.24014810415;990.97858683268
"2026-07-31 12:00:43";1785492043.261;110.22515383633;990.98000613126
"2026-07-31 12:00:43";1785492043.339;112.25248591105;990.95754613632
"2026-07-31 12:00:43";1785492043.417;114.27998109297;990.94249147358
"2026-07-31 12:00:43";1785492043.475;115.77950541178;990.9274597168
"2026-07-31 12:00:43";1785492043.534;117.29979960123;990.92820739747
"2026-07-31 12:00:43";1785492043.612;119.32682037353;990.92567443848
"2026-07-31 12:00:43";1785492043.69;121.35372289022;990.90746561686
"2026-07-31 12:00:43";1785492043.768;123.33847686127;990.9065600842
"2026-07-31 12:00:43";1785492043.846;125.38630595352;990.90182148326
"2026-07-31 12:00:43";1785492043.924;127.37104944083;990.91670735678
"2026-07-31 12:00:44";1785492044.002;129.39808620106;990.89994280266
"2026-07-31 12:00:44";1785492044.077;1.3267440795898;991.31526947021
"2026-07-31 12:00:44";1785492044.153;3.3537101745605;991.30714416504
"2026-07-31 12:00:44";1785492044.228;5.3594497911858;991.30920803185
"2026-07-31 12:00:44";1785492044.303;7.3440201588166;991.3108766996
"2026-07-31 12:00:44";1785492044.378;9.3709784999038;991.31335587935
"2026-07-31 12:00:44";1785492044.454;11.37693532308;991.31451161703
"2026-07-31 12:00:44";1785492044.51;12.897112528483;991.31051635742
"2026-07-31 12:00:44";1785492044.566;14.417215983073;991.31163787842
"2026-07-31 12:00:44";1785492044.642;16.444090525309;991.31702931722
"2026-07-31 12:00:44";1785492044.717;18.428689276422;991.31026047927
"2026-07-31 12:00:44";1785492044.792;20.476552905458;991.30865478516
"2026-07-31 12:00:44";1785492044.867;22.461270454602;991.31390028733
"2026-07-31 12:00:44";1785492044.942;24.4883703752;991.32545656146
"2026-07-31 12:00:45";1785492045.018;26.515435047638;991.32857591678
"2026-07-31 12:00:45";1785492045.093;28.605759938558;991.33441416423
"2026-07-31 12:00:45";1785492045.168;30.633045196534;991.34094746907
"2026-07-31 12:00:45";1785492045.243;32.660189310709;991.33061981201
"2026-07-31 12:00:45";1785492045.318;34.687180836995;991.32621002198
"2026-07-31 12:00:45";1785492045.394;36.650993115974;991.32136281331
"2026-07-31 12:00:45";1785492045.469;38.69935095727;991.3200621705
"2026-07-31 12:00:45";1785492045.544;40.684319814046;991.32447814941
"2026-07-31 12:00:45";1785492045.619;42.711663564046;991.33010355631
"2026-07-31 12:00:45";1785492045.694;44.739027659098;991.33950805664
"2026-07-31 12:00:45";1785492045.77;46.766445159913;991.35535939534
"2026-07-31 12:00:45";1785492045.845;48.793778737386;991.35368092854
"2026-07-31 12:00:45";1785492045.92;50.82106145223;991.35820770264
"2026-07-31 12:00:45";1785492045.995;52.806150956588;991.35076413455
"2026-07-31 12:00:46";1785492046.07;54.854457855224;991.35047889478
"2026-07-31 12:00:46";1785492046.146;56.818091074625;991.35065714518
"2026-07-31 12:00:46";1785492046.221;58.845317840576;991.34934488933
"2026-07-31 12:00:46";1785492046.296;60.872568766276;991.34365844726
"2026-07-31 12:00:46";1785492046.371;62.899805704752;991.34081776937
"2026-07-31 12:00:46";1785492046.446;64.927043914795;991.32769775391
"2026-07-31 12:00:46";1785492046.522;66.933397697679;991.31281627308
"2026-07-31 12:00:46";1785492046.578;68.390706380208;991.3051554362
"2026-07-31 12:00:46";1785492046.634;69.911352793375;991.25646209717
"2026-07-31 12:00:46";1785492046.71;71.938903808594;991.18596903483
"2026-07-31 12:00:46";1785492046.785;73.966389973958;991.13567860922
"2026-07-31 12:00:46";1785492046.86;75.993850708008;991.12180836996
"2026-07-31 12:00:46";1785492046.935;78.021218617757;991.10611724853
"2026-07-31 12:00:47";1785492047.01;80.006252902371;991.09249387087
"2026-07-31 12:00:47";1785492047.086;82.075570424397;991.07694244385
"2026-07-31 12:00:47";1785492047.161;84.039361086759;991.06429660681
"2026-07-31 12:00:47";1785492047.236;86.045499165853;991.04772949219
"2026-07-31 12:00:47";1785492047.311;88.07253519694;991.0320409139
"2026-07-31 12:00:47";1785492047.386;90.099741617839;991.00683085124
"2026-07-31 12:00:47";1785492047.462;92.127029418945;991.00956726074
"2026-07-31 12:00:47";1785492047.537;94.154332478841;990.9946416219
"2026-07-31 12:00:47";1785492047.612;96.13946309123;990.99240795215
"2026-07-31 12:00:47";1785492047.687;98.187927708481;990.98085992987
"2026-07-31 12:00:47";1785492047.762;100.15211105346;990.95776875814
"2026-07-31 12:00:47";1785492047.838;102.17944081625;990.95502726237
"2026-07-31 12:00:47";1785492047.913;104.20667775472;990.96209462484
"2026-07-31 12:00:47";1785492047.988;106.21290796453;990.96286103219
"2026-07-31 12:00:48";1785492048.063;108.24014810415;990.97858683268
"2026-07-31 12:00:48";1785492048.138;110.22515383633;990.98000613126
"2026-07-31 12:00:48";1785492048.214;112.25248591105;990.95754613632
"2026-07-31 12:00:48";1785492048.289;114.27998109297;990.94249147358
"2026-07-31 12:00:48";1785492048.364;116.28627268473;990.92692820231
"2026-07-31 12:00:48";1785492048.439;118.31333033243;990.93070983887
"2026-07-31 12:00:48";1785492048.514;120.34027608236;990.91269429525
"2026-07-31 12:00:48";1785492048.59;122.34610586455;990.91048061486
"2026-07-31 12:00:48";1785492048.646;123.84517493615;990.90164888822
"2026-07-31 12:00:48";1785492048.702;125.38630595352;990.90182148326
"2026-07-31 12:00:48";1785492048.778;127.37104944083;990.91670735678
"2026-07-31 12:00:48";1785492048.853;129.39808620106;990.89994280266
"2026-07-31 12:00:48";1785492048.928;131.40419133504;990.89159647624
"2026-07-31 12:00:49";1785492049.003;133.4314104716;990.98185984293
"2026-07-31 12:00:49";1785492049.078;67.885934193929;991.18096669515
"2026-07-31 12:00:49";1785492049.153;2.3402379353841;991.30764007568
"2026-07-31 12:00:49";1785492049.228;4.3671582539877;991.30810038249
"2026-07-31 12:00:49";1785492049.303;6.3306119514234;991.3109144731
"2026-07-31 12:00:49";1785492049.378;8.3785843215623;991.3115189559
"2026-07-31 12:00:49";1785492049.452;10.36339823405;991.31495157877
"2026-07-31 12:00:49";1785492049.527;12.390408833821;991.31218210856
"2026-07-31 12:00:49";1785492049.602;14.417215983073;991.31163787842
"2026-07-31 12:00:49";1785492049.677;16.444090525309;991.31702931722
"2026-07-31 12:00:49";1785492049.752;18.428689276422;991.31026047927
"2026-07-31 12:00:49";1785492049.827;20.476552905458;991.30865478516
"2026-07-31 12:00:49";1785492049.901;22.461270454602;991.31390028733
"2026-07-31 12:00:49";1785492049.976;24.4883703752;991.32545656146
"2026-07-31 12:00:50";1785492050.051;26.515435047638;991.32857591678
"2026-07-31 12:00:50";1785492050.126;28.605759938558;991.33441416423
"2026-07-31 12:00:50";1785492050.201;30.633045196534;991.34094746907
"2026-07-31 12:00:50";1785492050.275;32.660189310709;991.33061981201
"2026-07-31 12:00:50";1785492050.35;34.687180836995;991.32621002198
"2026-07-31 12:00:50";1785492050.425;36.650993115974;991.32136281331
"2026-07-31 12:00:50";1785492050.5;38.69935095727;991.3200621705
"2026-07-31 12:00:50";1785492050.575;40.684319814046;991.32447814941
"2026-07-31 12:00:50";1785492050.649;42.711663564046;991.33010355631
"2026-07-31 12:00:50";1785492050.724;44.739027659098;991.33950805664
"2026-07-31 12:00:50";1785492050.799;46.766445159913;991.35535939534
"2026-07-31 12:00:50";1785492050.874;48.793778737386;991.35368092854
"2026-07-31 12:00:50";1785492050.949;50.82106145223;991.35820770264
"2026-07-31 12:00:51";1785492051.024;52.806150956588;991.35076413455
"2026-07-31 12:00:51";1785492051.098;54.854457855224;991.35047889478
"2026-07-31 12:00:51";1785492051.173;56.818091074625;991.35065714518
"2026-07-31 12:00:51";1785492051.248;58.845317840576;991.34934488933
"2026-07-31 12:00:51";1785492051.323;60.872568766276;991.34365844726
"2026-07-31 12:00:51";1785492051.398;62.899805704752;991.34081776937
"2026-07-31 12:00:51";1785492051.472;64.927043914795;991.32769775391
"2026-07-31 12:00:51";1785492051.528;66.447611490885;991.31256103516
"2026-07-31 12:00:51";1785492051.585;67.904945142341;991.30911347361
"2026-07-31 12:00:51";1785492051.659;69.911352793375;991.25646209717
"2026-07-31 12:00:51";1785492051.734;71.938903808594;991.18596903483
"2026-07-31 12:00:51";1785492051.809;73.966389973958;991.13567860922
"2026-07-31 12:00:51";1785492051.884;75.993850708008;991.12180836996
"2026-07-31 12:00:51";1785492051.959;78.021218617757;991.10611724853
"2026-07-31 12:00:52";1785492052.033;80.006252902371;991.09249387087
"2026-07-31 12:00:52";1785492052.108;82.075570424397;991.07694244385
"2026-07-31 12:00:52";1785492052.183;84.039361086759;991.06429660681
"2026-07-31 12:00:52";1785492052.258;86.045499165853;991.04772949219
"2026-07-31 12:00:52";1785492052.333;88.07253519694;991.0320409139
"2026-07-31 12:00:52";1785492052.407;90.099741617839;991.00683085124
"2026-07-31 12:00:52";1785492052.482;92.127029418945;991.00956726074
"2026-07-31 12:00:52";1785492052.557;94.154332478841;990.9946416219
"2026-07-31 12:00:52";1785492052.632;96.13946309123;990.99240795215
"2026-07-31 12:00:52";1785492052.707;98.187927708481;990.98085992987
"2026-07-31 12:00:52";1785492052.782;100.15211105346;990.95776875814
"2026-07-31 12:00:52";1785492052.856;102.17944081625;990.95502726237
"2026-07-31 12:00:52";1785492052.931;104.20667775472;990.96209462484
"2026-07-31 12:00:53";1785492053.006;106.21290796453;990.96286103219
"2026-07-31 12:00:53";1785492053.081;108.24014810415;990.97858683268
"2026-07-31 12:00:53";1785492053.156;110.22515383633;990.98000613126
"2026-07-31 12:00:53";1785492053.23;112.25248591105;990.95754613632
"2026-07-31 12:00:53";1785492053.305;114.27998109297;990.94249147358
"2026-07-31 12:00:53";1785492053.38;116.28627268473;990.92692820231
"2026-07-31 12:00:53";1785492053.455;118.31333033243;990.93070983887
"2026-07-31 12:00:53";1785492053.53;120.34027608236;990.91269429525
"2026-07-31 12:00:53";1785492053.604;122.34610586455;990.91048061486
"2026-07-31 12:00:53";1785492053.679;124.37292901064;990.90182084304
"2026-07-31 12:00:53";1785492053.754;126.35758382624;990.90583200166
"2026-07-31 12:00:53";1785492053.829;128.40563313945;990.91659268466
"2026-07-31 12:00:53";1785492053.904;130.39056777954;990.87702178955
"2026-07-31 12:00:53";1785492053.979;132.41780090332;990.93708292643
"2026-07-31 12:00:54";1785492054.053;134.44505564372;991.02505238851
"2026-07-31 12:00:54";1785492054.128;136.47243118286;991.08122762044
"2026-07-31 12:00:54";1785492054.203;138.49961471558;991.1580581665
"2026-07-31 12:00:54";1785492054.276;70.420024871824;991.2696685791
"2026-07-31 12:00:54";1785492054.344;2.3402379353841;991.30764007568
"2026-07-31 12:00:54";1785492054.412;4.3671582539877;991.30810038249
"2026-07-31 12:00:54";1785492054.48;6.3306119514234;991.3109144731
"2026-07-31 12:00:54";1785492054.549;8.3785843215623;991.3115189559
"2026-07-31 12:00:54";1785492054.634;10.87016720242;991.31458367242
"2026-07-31 12:00:54";1785492054.719;13.403821309407;991.31122334798
"2026-07-31 12:00:54";1785492054.787;15.430632273356;991.31427001953
"2026-07-31 12:00:54";1785492054.855;17.436411886504;991.31419372559
"2026-07-31 12:00:54";1785492054.923;19.463168706649;991.30897874099
"2026-07-31 12:00:54";1785492054.991;21.4477557558;991.30894470215
"2026-07-31 12:00:55";1785492055.076;23.988637235059;991.32305796756
"2026-07-31 12:00:55";1785492055.161;26.515435047638;991.32857591678
"2026-07-31 12:00:55";1785492055.229;28.605759938558;991.33441416423
"2026-07-31 12:00:55";1785492055.298;30.633045196534;991.34094746907
"2026-07-31 12:00:55";1785492055.366;32.660189310709;991.33061981201
"2026-07-31 12:00:55";1785492055.434;34.687180836995;991.32621002198
"2026-07-31 12:00:55";1785492055.519;37.164859324161;991.32137109479
"2026-07-31 12:00:55";1785492055.604;39.69179130323;991.32023412531
"2026-07-31 12:00:55";1785492055.672;41.697998046875;991.32592773438
"2026-07-31 12:00:55";1785492055.74;43.72534306844;991.33550008138
"2026-07-31 12:00:55";1785492055.808;45.752718607585;991.34902954101
"2026-07-31 12:00:55";1785492055.876;47.780124664307;991.35363260905
"2026-07-31 12:00:55";1785492055.961;50.31425052219;991.35758802626
"2026-07-31 12:00:56";1785492056.047;52.806150956588;991.35076413455
"2026-07-31 12:00:56";1785492056.115;54.854457855224;991.35047889478
"2026-07-31 12:00:56";1785492056.183;56.818091074625;991.35065714518
"2026-07-31 12:00:56";1785492056.251;58.845317840576;991.34934488933
"2026-07-31 12:00:56";1785492056.319;60.872568766276;991.34365844726
"2026-07-31 12:00:56";1785492056.404;63.406611972385;991.33618672689
"2026-07-31 12:00:56";1785492056.489;65.940737406412;991.32051595053
"2026-07-31 12:00:56";1785492056.557;67.904945142341;991.30911347361
"2026-07-31 12:00:56";1785492056.625;69.911352793375;991.25646209717
"2026-07-31 12:00:56";1785492056.694;71.938903808594;991.18596903483
"2026-07-31 12:00:56";1785492056.762;73.966389973958;991.13567860922
"2026-07-31 12:00:56";1785492056.847;76.500697665744;991.11905585395
"2026-07-31 12:00:56";1785492056.932;79.013757879084;991.09818383419
"2026-07-31 12:00:56";1785492057;81.040917518811;991.08477939703
"2026-07-31 12:00:57";1785492057.068;83.068008191657;991.06967278683
"2026-07-31 12:00:57";1785492057.136;85.03187306722;991.0563735962
"2026-07-31 12:00:57";1785492057.204;87.059050242107;991.03999328613
"2026-07-31 12:00:57";1785492057.289;89.592917548286;991.01378207737
"2026-07-31 12:00:57";1785492057.374;92.127029418945;991.00956726074
"2026-07-31 12:00:57";1785492057.443;94.154332478841;990.9946416219
"2026-07-31 12:00:57";1785492057.511;96.13946309123;990.99240795215
"2026-07-31 12:00:57";1785492057.579;98.187927708481;990.98085992987
"2026-07-31 12:00:57";1785492057.647;100.15211105346;990.95776875814
"2026-07-31 12:00:57";1785492057.732;102.68624199761;990.9562564426
"2026-07-31 12:00:57";1785492057.817;105.22034962972;990.96200561523
"2026-07-31 12:00:57";1785492057.885;107.2054059222;990.97028697621
"2026-07-31 12:00:57";1785492057.953;109.25377932462;990.98533399177
"2026-07-31 12:00:58";1785492058.021;111.21768824259;990.9708887736
"2026-07-31 12:00:58";1785492058.089;113.28732438521;990.94776201582
"2026-07-31 12:00:58";1785492058.175;115.77943844265;990.92991977268
"2026-07-31 12:00:58";1785492058.26;118.31333033243;990.93070983887
"2026-07-31 12:00:58";1785492058.328;120.34027608236;990.91269429525
"2026-07-31 12:00:58";1785492058.396;122.34610586455;990.91048061486
"2026-07-31 12:00:58";1785492058.464;124.37292901064;990.90182084304
"2026-07-31 12:00:58";1785492058.549;126.87134256785;990.91168829408
"2026-07-31 12:00:58";1785492058.634;129.39808620106;990.89994280266
"2026-07-31 12:00:58";1785492058.702;131.40419133504;990.89159647624
"2026-07-31 12:00:58";1785492058.77;133.4314104716;990.98185984293
"2026-07-31 12:00:58";1785492058.838;135.4587542216;991.05059051514
"2026-07-31 12:00:58";1785492058.907;137.48603439331;991.11955769857
"2026-07-31 12:00:58";1785492058.992;140.0200797187;991.20938618978
"2026-07-31 12:00:59";1785492059.077;142.55422210694;991.29409790039
"2026-07-31 12:00:59";1785492059.145;144.58139546712;991.37633260091
"2026-07-31 12:00:59";1785492059.213;1.3267440795898;991.31526947021
"2026-07-31 12:00:59";1785492059.281;3.3537101745605;991.30714416504
"2026-07-31 12:00:59";1785492059.349;5.3594497911858;991.30920803185
"2026-07-31 12:00:59";1785492059.433;7.8577887854469;991.31124579156
"2026-07-31 12:00:59";1785492059.518;10.36339823405;991.31495157877
"2026-07-31 12:00:59";1785492059.586;12.390408833821;991.31218210856
"2026-07-31 12:00:59";1785492059.654;14.417215983073;991.31163787842
"2026-07-31 12:00:59";1785492059.722;16.444090525309;991.31702931722
"2026-07-31 12:00:59";1785492059.79;18.428689276422;991.31026047927
"2026-07-31 12:00:59";1785492059.874;20.962158588448;991.30894978841
"2026-07-31 12:00:59";1785492059.959;23.495929637989;991.32211645166
"2026-07-31 12:01:00";1785492060.027;25.480818430582;991.32513173422
"2026-07-31 12:01:00";1785492060.095;27.57111945519;991.33084693322
"2026-07-31 12:01:00";1785492060.163;29.619397481283;991.33918762207
"2026-07-31 12:01:00";1785492060.248;32.153413560655;991.33457438151
"2026-07-31 12:01:00";1785492060.332;34.687180836995;991.32621002198
"2026-07-31 12:01:00";1785492060.4;36.650993115974;991.32136281331
"2026-07-31 12:01:00";1785492060.468;38.69935095727;991.3200621705
"2026-07-31 12:01:00";1785492060.536;40.684319814046;991.32447814941
"2026-07-31 12:01:00";1785492060.604;42.711663564046;991.33010355631
"2026-07-31 12:01:00";1785492060.689;45.24587504069;991.34449428982
"2026-07-31 12:01:00";1785492060.774;47.780124664307;991.35363260905
"2026-07-31 12:01:00";1785492060.841;49.807432810465;991.35844421386
"2026-07-31 12:01:00";1785492060.909;51.813599788782;991.35419071082
"2026-07-31 12:01:00";1785492060.977;53.840908050537;991.34908959804
"2026-07-31 12:01:01";1785492061.045;55.82570139567;991.35129015373
"2026-07-31 12:01:01";1785492061.13;58.338500976562;991.34974161784
"2026-07-31 12:01:01";1785492061.215;60.872568766276;991.34365844726
"2026-07-31 12:01:01";1785492061.283;62.899805704752;991.34081776937
"2026-07-31 12:01:01";1785492061.35;64.927043914795;991.32769775391
"2026-07-31 12:01:01";1785492061.418;66.933397697679;991.31281627308
"2026-07-31 12:01:01";1785492061.503;69.404470655653;991.27269321018
"2026-07-31 12:01:01";1785492061.588;71.938903808594;991.18596903483
"2026-07-31 12:01:01";1785492061.656;73.966389973958;991.13567860922
"2026-07-31 12:01:01";1785492061.724;75.993850708008;991.12180836996
"2026-07-31 12:01:01";1785492061.791;78.021218617757;991.10611724853
"2026-07-31 12:01:01";1785492061.859;80.006252902371;991.09249387087
"2026-07-31 12:01:01";1785492061.944;82.568271906689;991.07386687307
"2026-07-31 12:01:02";1785492062.029;85.03187306722;991.0563735962
"2026-07-31 12:01:02";1785492062.097;87.059050242107;991.03999328613
"2026-07-31 12:01:02";1785492062.165;89.086083730062;991.01965586344
"2026-07-31 12:01:02";1785492062.233;91.113413492839;991.00585428874
"2026-07-31 12:01:02";1785492062.317;93.64749399821;990.99958123101
"2026-07-31 12:01:02";1785492062.402;96.13946309123;990.99240795215
"2026-07-31 12:01:02";1785492062.47;98.187927708481;990.98085992987
"2026-07-31 12:01:02";1785492062.538;100.15211105346;990.95776875814
"2026-07-31 12:01:02";1785492062.606;102.17944081625;990.95502726237
"2026-07-31 12:01:02";1785492062.674;104.20667775472;990.96209462484
"2026-07-31 12:01:02";1785492062.758;106.71266665158;990.96637024542
"2026-07-31 12:01:02";1785492062.843;109.25377932462;990.98533399177
"2026-07-31 12:01:02";1785492062.911;111.21768824259;990.9708887736
"2026-07-31 12:01:02";1785492062.979;113.28732438521;990.94776201582
"2026-07-31 12:01:03";1785492063.047;115.27263768514;990.9316813151
"2026-07-31 12:01:03";1785492063.115;117.29979960123;990.92820739747
"2026-07-31 12:01:03";1785492063.2;119.83355119493;990.91893005371
"2026-07-31 12:01:03";1785492063.284;122.34610586455;990.91048061486
"2026-07-31 12:01:03";1785492063.352;124.37292901064;990.90182084304
"2026-07-31 12:01:03";1785492063.42;126.35758382624;990.90583200166
"2026-07-31 12:01:03";1785492063.488;128.40563313945;990.91659268466
"2026-07-31 12:01:03";1785492063.573;130.89738294814;990.89109802246
"2026-07-31 12:01:03";1785492063.658;133.4314104716;990.98185984293
"2026-07-31 12:01:03";1785492063.725;135.4587542216;991.05059051514
"2026-07-31 12:01:03";1785492063.793;137.48603439331;991.11955769857
"2026-07-31 12:01:03";1785492063.861;139.51322682699;991.19913991292
"2026-07-31 12:01:03";1785492063.929;141.54059727987;991.25245157877
"2026-07-31 12:01:04";1785492064.014;144.07460869683;991.35527886285
"2026-07-31 12:01:04";1785492064.099;146.58743586685;991.44096675063
"2026-07-31 12:01:04";1785492064.167;148.57257588704;991.52804780617
"2026-07-31 12:01:04";1785492064.234;75.467054309269;991.44966194847
"2026-07-31 12:01:04";1785492064.3;2.3402379353841;991.30764007568
"2026-07-31 12:01:04";1785492064.382;4.859780899202;991.30911008276
"2026-07-31 12:01:04";1785492064.465;7.3440201588166;991.3108766996
"2026-07-31 12:01:04";1785492064.531;9.3709784999038;991.31335587935
"2026-07-31 12:01:04";1785492064.597;11.37693532308;991.31451161703
"2026-07-31 12:01:04";1785492064.679;13.910514831543;991.31126403808
"2026-07-31 12:01:04";1785492064.762;16.444090525309;991.31702931722
"2026-07-31 12:01:04";1785492064.828;18.428689276422;991.31026047927
"2026-07-31 12:01:04";1785492064.894;20.476552905458;991.30865478516
"2026-07-31 12:01:04";1785492064.976;22.975076410135;991.31792423275
"2026-07-31 12:01:05";1785492065.059;25.480818430582;991.32513173422
"2026-07-31 12:01:05";1785492065.125;27.57111945519;991.33084693322
"2026-07-31 12:01:05";1785492065.191;29.619397481283;991.33918762207
"2026-07-31 12:01:05";1785492065.273;32.153413560655;991.33457438151
"2026-07-31 12:01:05";1785492065.356;34.687180836995;991.32621002198
"2026-07-31 12:01:05";1785492065.422;36.650993115974;991.32136281331
"2026-07-31 12:01:05";1785492065.488;38.69935095727;991.3200621705
"2026-07-31 12:01:05";1785492065.554;40.684319814046;991.32447814941
"2026-07-31 12:01:05";1785492065.636;43.218505011664;991.33187696669
"2026-07-31 12:01:05";1785492065.719;45.752718607585;991.34902954101
"2026-07-31 12:01:05";1785492065.785;47.780124664307;991.35363260905
"2026-07-31 12:01:05";1785492065.851;49.807432810465;991.35844421386
"2026-07-31 12:01:05";1785492065.933;52.313395952938;991.35246797338
"2026-07-31 12:01:06";1785492066.015;54.854457855224;991.35047889478
"2026-07-31 12:01:06";1785492066.081;56.818091074625;991.35065714518
"2026-07-31 12:01:06";1785492066.147;58.845317840576;991.34934488933
"2026-07-31 12:01:06";1785492066.23;61.379386901855;991.34259202745
"2026-07-31 12:01:06";1785492066.312;63.91340637207;991.33405049642
"2026-07-31 12:01:06";1785492066.378;65.940737406412;991.32051595053
"2026-07-31 12:01:06";1785492066.444;67.904945142341;991.30911347361
"2026-07-31 12:01:06";1785492066.527;70.418249342177;991.23839145236
"2026-07-31 12:01:06";1785492066.609;72.952648162842;991.15544128418
"2026-07-31 12:01:06";1785492066.675;74.98012415568;991.12760416667
"2026-07-31 12:01:06";1785492066.741;77.007546742757;991.11606089274
"2026-07-31 12:01:06";1785492066.824;79.513517153013;991.09455713896
"2026-07-31 12:01:06";1785492066.906;82.075570424397;991.07694244385
"2026-07-31 12:01:06";1785492066.972;84.039361086759;991.06429660681
"2026-07-31 12:01:07";1785492067.038;86.045499165853;991.04772949219
"2026-07-31 12:01:07";1785492067.121;88.579322814942;991.02523634169
"2026-07-31 12:01:07";1785492067.203;91.113413492839;991.00585428874
"2026-07-31 12:01:07";1785492067.269;93.140632629395;991.00313313802
"2026-07-31 12:01:07";1785492067.335;95.146931388162;990.99011854692
"2026-07-31 12:01:07";1785492067.401;97.174224462265;990.9938284067
"2026-07-31 12:01:07";1785492067.484;99.65930291378;990.96221893002
"2026-07-31 12:01:07";1785492067.566;102.17944081625;990.95502726237
"2026-07-31 12:01:07";1785492067.632;104.20667775472;990.96209462484
"2026-07-31 12:01:07";1785492067.698;106.21290796453;990.96286103219
"2026-07-31 12:01:07";1785492067.78;108.73991422498;990.98135221848
"2026-07-31 12:01:07";1785492067.863;111.21768824259;990.9708887736
"2026-07-31 12:01:07";1785492067.929;113.28732438521;990.94776201582
"2026-07-31 12:01:07";1785492067.995;115.27263768514;990.9316813151
"2026-07-31 12:01:08";1785492068.077;117.80656687418;990.92927212186
"2026-07-31 12:01:08";1785492068.16;120.34027608236;990.91269429525
"2026-07-31 12:01:08";1785492068.226;122.34610586455;990.91048061486
"2026-07-31 12:01:08";1785492068.292;124.37292901064;990.90182084304
"2026-07-31 12:01:08";1785492068.374;126.87134256785;990.91168829408
"2026-07-31 12:01:08";1785492068.457;129.39808620106;990.89994280266
"2026-07-31 12:01:08";1785492068.523;131.40419133504;990.89159647624
"2026-07-31 12:01:08";1785492068.589;133.4314104716;990.98185984293
"2026-07-31 12:01:08";1785492068.671;135.96558041043;991.06791856554
"2026-07-31 12:01:08";1785492068.754;138.49961471558;991.1580581665
"2026-07-31 12:01:08";1785492068.82;140.52692286173;991.22429148356
"2026-07-31 12:01:08";1785492068.886;142.55422210694;991.29409790039
"2026-07-31 12:01:08";1785492068.952;144.58139546712;991.37633260091
"2026-07-31 12:01:09";1785492069.034;147.07315602929;991.46206695865
"2026-07-31 12:01:09";1785492069.117;149.60733725808;991.56525960002
"2026-07-31 12:01:09";1785492069.183;151.59207026164;991.59164937337
"2026-07-31 12:01:09";1785492069.249;153.61923853556;991.59736887614
"2026-07-31 12:01:09";1785492069.329;77.979859670004;991.46282450358
"2026-07-31 12:01:09";1785492069.408;2.3402379353841;991.30764007568
"2026-07-31 12:01:09";1785492069.486;4.859780899202;991.30911008276
"2026-07-31 12:01:09";1785492069.565;7.3440201588166;991.3108766996
"2026-07-31 12:01:09";1785492069.628;9.3709784999038;991.31335587935
"2026-07-31 12:01:09";1785492069.706;11.883661058214;991.31317986382
"2026-07-31 12:01:09";1785492069.785;14.417215983073;991.31163787842
"2026-07-31 12:01:09";1785492069.847;16.444090525309;991.31702931722
"2026-07-31 12:01:09";1785492069.926;18.949447602195;991.30982697316
"2026-07-31 12:01:10";1785492070.004;21.4477557558;991.30894470215
"2026-07-31 12:01:10";1785492070.067;23.495929637989;991.32211645166
"2026-07-31 12:01:10";1785492070.145;26.001640841492;991.32736427764
"2026-07-31 12:01:10";1785492070.224;28.605759938558;991.33441416423
"2026-07-31 12:01:10";1785492070.287;30.633045196534;991.34094746907
"2026-07-31 12:01:10";1785492070.365;33.166940477159;991.32984246148
"2026-07-31 12:01:10";1785492070.444;35.679598259203;991.32374827067
"2026-07-31 12:01:10";1785492070.506;37.664650159005;991.32037451329
"2026-07-31 12:01:10";1785492070.585;40.191583267366;991.32256432736
"2026-07-31 12:01:10";1785492070.663;42.711663564046;991.33010355631
"2026-07-31 12:01:10";1785492070.742;45.24587504069;991.34449428982
"2026-07-31 12:01:10";1785492070.82;47.780124664307;991.35363260905
"2026-07-31 12:01:10";1785492070.883;49.807432810465;991.35844421386
"2026-07-31 12:01:10";1785492070.962;52.313395952938;991.35246797338
"2026-07-31 12:01:11";1785492071.04;54.854457855224;991.35047889478
"2026-07-31 12:01:11";1785492071.103;56.818091074625;991.35065714518
"2026-07-31 12:01:11";1785492071.181;59.352121141222;991.34875318739
"2026-07-31 12:01:11";1785492071.26;61.886216481527;991.34010314941
"2026-07-31 12:01:11";1785492071.322;63.91340637207;991.33405049642
"2026-07-31 12:01:11";1785492071.401;66.433552905766;991.31803447069
"2026-07-31 12:01:11";1785492071.479;68.897569020589;991.29047648112
"2026-07-31 12:01:11";1785492071.542;70.92515818278;991.21968841553
"2026-07-31 12:01:11";1785492071.621;73.459515041775;991.14701504178
"2026-07-31 12:01:11";1785492071.699;75.993850708008;991.12180836996
"2026-07-31 12:01:11";1785492071.762;78.021218617757;991.10611724853
"2026-07-31 12:01:11";1785492071.84;80.527101713831;991.08908092911
"2026-07-31 12:01:11";1785492071.919;83.068008191657;991.06967278683
"2026-07-31 12:01:11";1785492071.997;85.538681877984;991.05211215549
"2026-07-31 12:01:12";1785492072.076;88.07253519694;991.0320409139
"2026-07-31 12:01:12";1785492072.139;90.099741617839;991.00683085124
"2026-07-31 12:01:12";1785492072.217;92.633835686578;991.00531344944
"2026-07-31 12:01:12";1785492072.295;95.146931388162;990.99011854692
"2026-07-31 12:01:12";1785492072.358;97.174224462265;990.9938284067
"2026-07-31 12:01:12";1785492072.437;99.65930291378;990.96221893002
"2026-07-31 12:01:12";1785492072.515;102.17944081625;990.95502726237
"2026-07-31 12:01:12";1785492072.578;104.20667775472;990.96209462484
"2026-07-31 12:01:12";1785492072.656;106.71266665158;990.96637024542
"2026-07-31 12:01:12";1785492072.735;109.25377932462;990.98533399177
"2026-07-31 12:01:12";1785492072.798;111.21768824259;990.9708887736
"2026-07-31 12:01:12";1785492072.876;113.78013957631;990.94380898168
"2026-07-31 12:01:12";1785492072.955;116.28627268473;990.92692820231
"2026-07-31 12:01:13";1785492073.017;118.31333033243;990.93070983887
"2026-07-31 12:01:13";1785492073.096;120.84699503581;990.91162618001
"2026-07-31 12:01:13";1785492073.174;123.33847686127;990.9065600842
"2026-07-31 12:01:13";1785492073.253;125.87195024587;990.90455226706
"2026-07-31 12:01:13";1785492073.331;128.40563313945;990.91659268466
"2026-07-31 12:01:13";1785492073.394;130.39056777954;990.87702178955
"2026-07-31 12:01:13";1785492073.472;132.92461140951;990.96099005805
"2026-07-31 12:01:13";1785492073.551;135.4587542216;991.05059051514
"2026-07-31 12:01:13";1785492073.614;137.48603439331;991.11955769857
"2026-07-31 12:01:13";1785492073.692;140.0200797187;991.20938618978
"2026-07-31 12:01:13";1785492073.771;142.55422210694;991.29409790039
"2026-07-31 12:01:13";1785492073.833;144.58139546712;991.37633260091
"2026-07-31 12:01:13";1785492073.912;147.07315602929;991.46206695865
"2026-07-31 12:01:13";1785492073.99;149.60733725808;991.56525960002
"2026-07-31 12:01:14";1785492074.053;151.59207026164;991.59164937337
"2026-07-31 12:01:14";1785492074.132;154.12606896294;991.59991794162
"2026-07-31 12:01:14";1785492074.21;156.66025543213;991.62126668294
"2026-07-31 12:01:14";1785492074.288;159.16642797391;991.63725885422
"2026-07-31 12:01:14";1785492074.381;0.81998952229818;991.32063293457
"2026-07-31 12:01:14";1785492074.426;2.3402379353841;991.30764007568
"2026-07-31 12:01:14";1785492074.502;4.859780899202;991.30911008276
"2026-07-31 12:01:14";1785492074.578;7.3440201588166;991.3108766996
"2026-07-31 12:01:14";1785492074.654;9.8707075022689;991.31396237768
"2026-07-31 12:01:14";1785492074.73;12.390408833821;991.31218210856
"2026-07-31 12:01:14";1785492074.805;14.923931545681;991.31349012587
"2026-07-31 12:01:14";1785492074.881;17.436411886504;991.31419372559
"2026-07-31 12:01:14";1785492074.942;19.463168706649;991.30897874099
"2026-07-31 12:01:15";1785492075.018;21.961560822126;991.31205006135
"2026-07-31 12:01:15";1785492075.094;24.4883703752;991.32545656146
"2026-07-31 12:01:15";1785492075.17;27.043274447449;991.32900544517
"2026-07-31 12:01:15";1785492075.246;29.619397481283;991.33918762207
"2026-07-31 12:01:15";1785492075.321;32.153413560655;991.33457438151
"2026-07-31 12:01:15";1785492075.397;34.687180836995;991.32621002198
"2026-07-31 12:01:15";1785492075.458;36.650993115974;991.32136281331
"2026-07-31 12:01:15";1785492075.534;39.192058115665;991.32061863612
"2026-07-31 12:01:15";1785492075.61;41.697998046875;991.32592773438
"2026-07-31 12:01:15";1785492075.686;44.232184516059;991.3381974962
"2026-07-31 12:01:15";1785492075.762;46.766445159913;991.35535939534
"2026-07-31 12:01:15";1785492075.837;49.300598144531;991.35596720377
"2026-07-31 12:01:15";1785492075.913;51.813599788782;991.35419071082
"2026-07-31 12:01:15";1785492075.974;53.840908050537;991.34908959804
"2026-07-31 12:01:16";1785492076.05;56.325423346625;991.35103846078
"2026-07-31 12:01:16";1785492076.126;58.845317840576;991.34934488933
"2026-07-31 12:01:16";1785492076.202;61.379386901855;991.34259202745
"2026-07-31 12:01:16";1785492076.277;63.91340637207;991.33405049642
"2026-07-31 12:01:16";1785492076.353;66.433552905766;991.31803447069
"2026-07-31 12:01:16";1785492076.429;68.897569020589;991.29047648112
"2026-07-31 12:01:16";1785492076.505;71.43202718099;991.20302157932
"2026-07-31 12:01:16";1785492076.581;73.966389973958;991.13567860922
"2026-07-31 12:01:16";1785492076.642;75.993850708008;991.12180836996
"2026-07-31 12:01:16";1785492076.717;78.513969113128;991.10330616344
"2026-07-31 12:01:16";1785492076.793;81.040917518811;991.08477939703
"2026-07-31 12:01:16";1785492076.869;83.553687895187;991.06674101858
"2026-07-31 12:01:16";1785492076.945;86.045499165853;991.04772949219
"2026-07-31 12:01:17";1785492077.021;88.579322814942;991.02523634169
"2026-07-31 12:01:17";1785492077.097;91.113413492839;991.00585428874
"2026-07-31 12:01:17";1785492077.158;93.140632629395;991.00313313802
"2026-07-31 12:01:17";1785492077.233;95.6467143061;990.9924311071
"2026-07-31 12:01:17";1785492077.309;98.187927708481;990.98085992987
"2026-07-31 12:01:17";1785492077.385;100.65895589193;990.95628187392
"2026-07-31 12:01:17";1785492077.461;103.19304021199;990.95773061117
"2026-07-31 12:01:17";1785492077.537;105.71310902605;990.96373217033
"2026-07-31 12:01:17";1785492077.613;108.24014810415;990.97858683268
"2026-07-31 12:01:17";1785492077.674;110.22515383633;990.98000613126
"2026-07-31 12:01:17";1785492077.749;112.76638801652;990.95472410213
"2026-07-31 12:01:17";1785492077.825;115.27263768514;990.9316813151
"2026-07-31 12:01:17";1785492077.901;117.80656687418;990.92927212186
"2026-07-31 12:01:17";1785492077.977;120.34027608236;990.91269429525
"2026-07-31 12:01:18";1785492078.053;122.84579555509;990.90753670598
"2026-07-31 12:01:18";1785492078.129;125.38630595352;990.90182148326
"2026-07-31 12:01:18";1785492078.205;127.88483503649;990.91439973465
"2026-07-31 12:01:18";1785492078.281;130.39056777954;990.87702178955
"2026-07-31 12:01:18";1785492078.341;132.41780090332;990.93708292643
"2026-07-31 12:01:18";1785492078.417;134.95191362169;991.03666178385
"2026-07-31 12:01:18";1785492078.493;137.48603439331;991.11955769857
"2026-07-31 12:01:18";1785492078.569;140.0200797187;991.20938618978
"2026-07-31 12:01:18";1785492078.645;142.55422210694;991.29409790039
"2026-07-31 12:01:18";1785492078.721;145.08816697862;991.39062669542
"2026-07-31 12:01:18";1785492078.796;147.55887904312;991.48349299575
"2026-07-31 12:01:18";1785492078.857;149.60733725808;991.56525960002
"2026-07-31 12:01:18";1785492078.933;152.09884474012;991.59265136719
"2026-07-31 12:01:19";1785492079.009;154.63290659586;991.60254923502
"2026-07-31 12:01:19";1785492079.085;157.1671134101;991.62523227268
"2026-07-31 12:01:19";1785492079.161;159.65922727784;991.63930655526
"2026-07-31 12:01:19";1785492079.237;162.23586866591;991.64372931586
"2026-07-31 12:01:19";1785492079.312;164.72809958291;991.6506119308
"2026-07-31 12:01:19";1785492079.401;1.3267440795898;991.31526947021
"2026-07-31 12:01:19";1785492079.46;3.3537101745605;991.30714416504
"2026-07-31 12:01:19";1785492079.533;5.8450324318626;991.30970517553
"2026-07-31 12:01:19";1785492079.606;8.3785843215623;991.3115189559
"2026-07-31 12:01:19";1785492079.68;10.87016720242;991.31458367242
"2026-07-31 12:01:19";1785492079.753;13.403821309407;991.31122334798
"2026-07-31 12:01:19";1785492079.827;15.937360975477;991.31513468424
"2026-07-31 12:01:19";1785492079.9;18.428689276422;991.31026047927
"2026-07-31 12:01:19";1785492079.973;20.962158588448;991.30894978841
"2026-07-31 12:01:20";1785492080.047;23.495929637989;991.32211645166
"2026-07-31 12:01:20";1785492080.12;26.001640841492;991.32736427764
"2026-07-31 12:01:20";1785492080.193;28.605759938558;991.33441416423
"2026-07-31 12:01:20";1785492080.267;31.139831542969;991.33817206489
"2026-07-31 12:01:20";1785492080.34;33.673708597819;991.32845306397
"2026-07-31 12:01:20";1785492080.414;36.165301698627;991.32228597005
"2026-07-31 12:01:20";1785492080.487;38.69935095727;991.3200621705
"2026-07-31 12:01:20";1785492080.56;41.191156175401;991.32452901204
"2026-07-31 12:01:20";1785492080.634;43.72534306844;991.33550008138
"2026-07-31 12:01:20";1785492080.707;46.259585910374;991.35143703885
"2026-07-31 12:01:20";1785492080.78;48.793778737386;991.35368092854
"2026-07-31 12:01:20";1785492080.854;51.313812178795;991.35630705862
"2026-07-31 12:01:20";1785492080.927;53.840908050537;991.34908959804
"2026-07-31 12:01:21";1785492081.001;56.325423346625;991.35103846078
"2026-07-31 12:01:21";1785492081.074;58.845317840576;991.34934488933
"2026-07-31 12:01:21";1785492081.147;61.379386901855;991.34259202745
"2026-07-31 12:01:21";1785492081.235;64.42022535536;991.33219061958
"2026-07-31 12:01:21";1785492081.309;66.933397697679;991.31281627308
"2026-07-31 12:01:21";1785492081.382;69.404470655653;991.27269321018
"2026-07-31 12:01:21";1785492081.456;71.938903808594;991.18596903483
"2026-07-31 12:01:21";1785492081.529;74.473259819879;991.1321343316
"2026-07-31 12:01:21";1785492081.602;77.007546742757;991.11606089274
"2026-07-31 12:01:21";1785492081.676;79.513517153013;991.09455713896
"2026-07-31 12:01:21";1785492081.749;82.075570424397;991.07694244385
"2026-07-31 12:01:21";1785492081.822;84.539140335237;991.06015430797
"2026-07-31 12:01:21";1785492081.896;87.059050242107;991.03999328613
"2026-07-31 12:01:21";1785492081.969;89.592917548286;991.01378207737
"2026-07-31 12:01:22";1785492082.043;92.127029418945;991.00956726074
"2026-07-31 12:01:22";1785492082.116;94.647103666055;990.99234764022
"2026-07-31 12:01:22";1785492082.189;97.174224462265;990.9938284067
"2026-07-31 12:01:22";1785492082.263;99.65930291378;990.96221893002
"2026-07-31 12:01:22";1785492082.336;102.17944081625;990.95502726237
"2026-07-31 12:01:22";1785492082.409;104.71351453993;990.96090867784
"2026-07-31 12:01:22";1785492082.483;107.2054059222;990.97028697621
"2026-07-31 12:01:22";1785492082.556;109.7394732851;990.981265752
"2026-07-31 12:01:22";1785492082.63;112.25248591105;990.95754613632
"2026-07-31 12:01:22";1785492082.703;114.77982253258;990.93748088798
"2026-07-31 12:01:22";1785492082.776;117.29979960123;990.92820739747
"2026-07-31 12:01:22";1785492082.85;119.83355119493;990.91893005371
"2026-07-31 12:01:22";1785492082.923;122.34610586455;990.91048061486
"2026-07-31 12:01:22";1785492082.996;124.87259561439;990.90176395158
"2026-07-31 12:01:23";1785492083.07;127.37104944083;990.91670735678
"2026-07-31 12:01:23";1785492083.143;129.8978472623;990.88794268984
"2026-07-31 12:01:23";1785492083.217;132.41780090332;990.93708292643
"2026-07-31 12:01:23";1785492083.29;134.95191362169;991.03666178385
"2026-07-31 12:01:23";1785492083.378;137.99282073975;991.13956366645
"2026-07-31 12:01:23";1785492083.451;140.52692286173;991.22429148356
"2026-07-31 12:01:23";1785492083.525;143.06103006999;991.31546868218
"2026-07-31 12:01:23";1785492083.598;145.59492746989;991.40683492025
"2026-07-31 12:01:23";1785492083.672;148.07277116872;991.50627140973
"2026-07-31 12:01:23";1785492083.745;150.5997205792;991.58379941998
"2026-07-31 12:01:23";1785492083.818;153.11243184407;991.59637620714
"2026-07-31 12:01:23";1785492083.892;155.64655558268;991.6095123291
"2026-07-31 12:01:23";1785492083.965;158.16678049107;991.63465742631
"2026-07-31 12:01:24";1785492084.038;160.6940843631;991.63860673171
"2026-07-31 12:01:24";1785492084.112;163.23557982782;991.6461378926
"2026-07-31 12:01:24";1785492084.185;165.74180752414;991.65954803253
"2026-07-31 12:01:24";1785492084.259;168.23371971978;991.70218234592
"2026-07-31 12:01:24";1785492084.317;170.26126352946;991.73485819499
"2026-07-31 12:01:24";1785492084.405;1.8334884643555;991.31197102865
"2026-07-31 12:01:24";1785492084.478;4.3671582539877;991.30810038249
"2026-07-31 12:01:24";1785492084.551;6.8443555024213;991.31096096083
"2026-07-31 12:01:24";1785492084.624;9.3709784999038;991.31335587935
"2026-07-31 12:01:24";1785492084.697;11.883661058214;991.31317986382
"2026-07-31 12:01:24";1785492084.77;14.417215983073;991.31163787842
"2026-07-31 12:01:24";1785492084.843;16.936728814635;991.31519402398
"2026-07-31 12:01:24";1785492084.916;19.463168706649;991.30897874099
"2026-07-31 12:01:24";1785492084.989;21.961560822126;991.31205006135
"2026-07-31 12:01:25";1785492085.077;24.988108394122;991.325411864
"2026-07-31 12:01:25";1785492085.15;27.57111945519;991.33084693322
"2026-07-31 12:01:25";1785492085.222;30.126219007704;991.34028625488
"2026-07-31 12:01:25";1785492085.296;32.660189310709;991.33061981201
"2026-07-31 12:01:25";1785492085.369;35.179879776155;991.32526143392
"2026-07-31 12:01:25";1785492085.442;37.664650159005;991.32037451329
"2026-07-31 12:01:25";1785492085.515;40.191583267366;991.32256432736
"2026-07-31 12:01:25";1785492085.588;42.711663564046;991.33010355631
"2026-07-31 12:01:25";1785492085.66;45.24587504069;991.34449428982
"2026-07-31 12:01:25";1785492085.734;47.780124664307;991.35363260905
"2026-07-31 12:01:25";1785492085.807;50.31425052219;991.35758802626
"2026-07-31 12:01:25";1785492085.88;52.806150956588;991.35076413455
"2026-07-31 12:01:25";1785492085.953;55.340076870388;991.35057900168
"2026-07-31 12:01:26";1785492086.026;57.831684112549;991.34786478679
"2026-07-31 12:01:26";1785492086.099;60.365757412381;991.34693739149
"2026-07-31 12:01:26";1785492086.172;62.899805704752;991.34081776937
"2026-07-31 12:01:26";1785492086.245;65.433899773492;991.32265218099
"2026-07-31 12:01:26";1785492086.332;68.404773981884;991.29800815775
"2026-07-31 12:01:26";1785492086.405;70.92515818278;991.21968841553
"2026-07-31 12:01:26";1785492086.478;73.459515041775;991.14701504178
"2026-07-31 12:01:26";1785492086.551;75.993850708008;991.12180836996
"2026-07-31 12:01:26";1785492086.624;78.513969113128;991.10330616344
"2026-07-31 12:01:26";1785492086.697;81.040917518811;991.08477939703
"2026-07-31 12:01:26";1785492086.77;83.553687895187;991.06674101858
"2026-07-31 12:01:26";1785492086.843;86.045499165853;991.04772949219
"2026-07-31 12:01:26";1785492086.916;88.579322814942;991.02523634169
"2026-07-31 12:01:26";1785492086.989;91.113413492839;991.00585428874
"2026-07-31 12:01:27";1785492087.062;93.64749399821;990.99958123101
"2026-07-31 12:01:27";1785492087.135;96.13946309123;990.99240795215
"2026-07-31 12:01:27";1785492087.208;98.673691951867;990.97594675392
"2026-07-31 12:01:27";1785492087.281;101.16582361857;990.95136260986
"2026-07-31 12:01:27";1785492087.354;103.69986385769;990.96031188965
"2026-07-31 12:01:27";1785492087.427;106.21290796453;990.96286103219
"2026-07-31 12:01:27";1785492087.5;108.73991422498;990.98135221848
"2026-07-31 12:01:27";1785492087.588;111.73861100938;990.96274051503
"2026-07-31 12:01:27";1785492087.661;114.27998109297;990.94249147358
"2026-07-31 12:01:27";1785492087.734;116.79303487142;990.92795817058
"2026-07-31 12:01:27";1785492087.807;119.32682037353;990.92567443848
"2026-07-31 12:01:27";1785492087.88;121.84640818895;990.90880083797
"2026-07-31 12:01:27";1785492087.953;124.37292901064;990.90182084304
"2026-07-31 12:01:28";1785492088.026;126.87134256785;990.91168829408
"2026-07-31 12:01:28";1785492088.099;129.39808620106;990.89994280266
"2026-07-31 12:01:28";1785492088.172;131.91099039714;990.91270277235
"2026-07-31 12:01:28";1785492088.245;134.44505564372;991.02505238851
"2026-07-31 12:01:28";1785492088.318;136.97923278809;991.09966532389
"2026-07-31 12:01:28";1785492088.391;139.51322682699;991.19913991292
"2026-07-31 12:01:28";1785492088.464;142.04740990533;991.27269151476
"2026-07-31 12:01:28";1785492088.537;144.58139546712;991.37633260091
"2026-07-31 12:01:28";1785492088.61;147.07315602929;991.46206695865
"2026-07-31 12:01:28";1785492088.698;150.09999885944;991.57314235921
"2026-07-31 12:01:28";1785492088.771;152.6056060791;991.59452311198
"2026-07-31 12:01:28";1785492088.844;155.13973151313;991.60636901855
"2026-07-31 12:01:28";1785492088.917;157.67397944133;991.63084411621
"2026-07-31 12:01:28";1785492088.99;160.18018377225;991.63983250331
"2026-07-31 12:01:29";1785492089.063;162.74275461832;991.64515177408
"2026-07-31 12:01:29";1785492089.136;165.23494843169;991.65573539823
"2026-07-31 12:01:29";1785492089.209;167.72684987386;991.69543711344
"2026-07-31 12:01:29";1785492089.281;170.26125590006;991.73422410753
"2026-07-31 12:01:29";1785492089.355;172.79565429688;991.78070576985
"2026-07-31 12:01:29";1785492089.413;174.80197814016;991.79479286887
"2026-07-31 12:01:29";1785492089.498;1.3267440795898;991.31526947021
"2026-07-31 12:01:29";1785492089.568;3.8604312472873;991.30719163683
"2026-07-31 12:01:29";1785492089.653;6.8443555024213;991.31096096083
"2026-07-31 12:01:29";1785492089.723;9.3709784999038;991.31335587935
"2026-07-31 12:01:29";1785492089.794;11.883661058214;991.31317986382
"2026-07-31 12:01:29";1785492089.878;14.923931545681;991.31349012587
"2026-07-31 12:01:29";1785492089.948;17.436411886504;991.31419372559
"2026-07-31 12:01:30";1785492090.019;19.96282632349;991.30876903045
"2026-07-31 12:01:30";1785492090.089;22.461270454602;991.31390028733
"2026-07-31 12:01:30";1785492090.16;24.988108394122;991.325411864
"2026-07-31 12:01:30";1785492090.244;28.084935180142;991.33355256431
"2026-07-31 12:01:30";1785492090.314;30.633045196534;991.34094746907
"2026-07-31 12:01:30";1785492090.385;33.166940477159;991.32984246148
"2026-07-31 12:01:30";1785492090.469;36.165301698627;991.32228597005
"2026-07-31 12:01:30";1785492090.54;38.69935095727;991.3200621705
"2026-07-31 12:01:30";1785492090.61;41.191156175401;991.32452901204
"2026-07-31 12:01:30";1785492090.68;43.72534306844;991.33550008138
"2026-07-31 12:01:30";1785492090.751;46.259585910374;991.35143703885
"2026-07-31 12:01:30";1785492090.835;49.300598144531;991.35596720377
"2026-07-31 12:01:30";1785492090.906;51.813599788782;991.35419071082
"2026-07-31 12:01:30";1785492090.976;54.3406346639;991.34999342935
"2026-07-31 12:01:31";1785492091.061;57.324894375271;991.34883626302
"2026-07-31 12:01:31";1785492091.131;59.858931223552;991.35053253174
"2026-07-31 12:01:31";1785492091.201;62.393007066515;991.34046088325
"2026-07-31 12:01:31";1785492091.272;64.927043914795;991.32769775391
"2026-07-31 12:01:31";1785492091.342;67.419167258522;991.31026266079
"2026-07-31 12:01:31";1785492091.427;70.418249342177;991.23839145236
"2026-07-31 12:01:31";1785492091.497;72.952648162842;991.15544128418
"2026-07-31 12:01:31";1785492091.567;75.486983405219;991.12459309896
"2026-07-31 12:01:31";1785492091.652;78.513969113128;991.10330616344
"2026-07-31 12:01:31";1785492091.722;81.040917518811;991.08477939703
"2026-07-31 12:01:31";1785492091.793;83.553687895187;991.06674101858
"2026-07-31 12:01:31";1785492091.863;86.045499165853;991.04772949219
"2026-07-31 12:01:31";1785492091.933;88.579322814942;991.02523634169
"2026-07-31 12:01:32";1785492092.018;91.620214674208;991.00705634223
"2026-07-31 12:01:32";1785492092.088;94.154332478841;990.9946416219
"2026-07-31 12:01:32";1785492092.159;96.660364988337;990.99180549675
"2026-07-31 12:01:32";1785492092.243;99.65930291378;990.96221893002
"2026-07-31 12:01:32";1785492092.314;102.17944081625;990.95502726237
"2026-07-31 12:01:32";1785492092.384;104.71351453993;990.96090867784
"2026-07-31 12:01:32";1785492092.454;107.2054059222;990.97028697621
"2026-07-31 12:01:32";1785492092.525;109.7394732851;990.981265752
"2026-07-31 12:01:32";1785492092.609;112.76638801652;990.95472410213
"2026-07-31 12:01:32";1785492092.68;115.27263768514;990.9316813151
"2026-07-31 12:01:32";1785492092.75;117.80656687418;990.92927212186
"2026-07-31 12:01:32";1785492092.834;120.84699503581;990.91162618001
"2026-07-31 12:01:32";1785492092.905;123.33847686127;990.9065600842
"2026-07-31 12:01:32";1785492092.975;125.87195024587;990.90455226706
"2026-07-31 12:01:33";1785492093.046;128.40563313945;990.91659268466
"2026-07-31 12:01:33";1785492093.116;130.89738294814;990.89109802246
"2026-07-31 12:01:33";1785492093.2;133.93823326959;991.00167338053
"2026-07-31 12:01:33";1785492093.271;136.47243118286;991.08122762044
"2026-07-31 12:01:33";1785492093.341;139.00642988417;991.17827351888
"2026-07-31 12:01:33";1785492093.426;142.04740990533;991.27269151476
"2026-07-31 12:01:33";1785492093.496;144.58139546712;991.37633260091
"2026-07-31 12:01:33";1785492093.566;147.07315602929;991.46206695865
"2026-07-31 12:01:33";1785492093.637;149.60733725808;991.56525960002
"2026-07-31 12:01:33";1785492093.707;152.09884474012;991.59265136719
"2026-07-31 12:01:33";1785492093.792;155.13973151313;991.60636901855
"2026-07-31 12:01:33";1785492093.862;157.67397944133;991.63084411621
"2026-07-31 12:01:33";1785492093.932;160.18018377225;991.63983250331
"2026-07-31 12:01:34";1785492094.017;163.23557982782;991.6461378926
"2026-07-31 12:01:34";1785492094.087;165.74180752414;991.65954803253
"2026-07-31 12:01:34";1785492094.158;168.23371971978;991.70218234592
"2026-07-31 12:01:34";1785492094.228;170.76815414429;991.74349975586
"2026-07-31 12:01:34";1785492094.298;173.30251227485;991.7844780816
"2026-07-31 12:01:34";1785492094.383;176.3155074516;991.8162633841
"2026-07-31 12:01:34";1785492094.453;178.85697821415;991.85993240818
"2026-07-31 12:01:34";1785492094.523;90.588270236284;991.60542003925
"2026-07-31 12:01:34";1785492094.604;2.8469729953342;991.30806477865
"2026-07-31 12:01:34";1785492094.672;5.3594497911858;991.30920803185
"2026-07-31 12:01:34";1785492094.74;7.8577887854469;991.31124579156
"2026-07-31 12:01:34";1785492094.821;10.87016720242;991.31458367242
"2026-07-31 12:01:34";1785492094.903;13.910514831543;991.31126403808
"2026-07-31 12:01:34";1785492094.971;16.444090525309;991.31702931722
"2026-07-31 12:01:35";1785492095.039;18.949447602195;991.30982697316
"2026-07-31 12:01:35";1785492095.12;21.961560822126;991.31205006135
"2026-07-31 12:01:35";1785492095.188;24.4883703752;991.32545656146
"2026-07-31 12:01:35";1785492095.256;27.043274447449;991.32900544517
"2026-07-31 12:01:35";1785492095.337;30.126219007704;991.34028625488
"2026-07-31 12:01:35";1785492095.419;33.166940477159;991.32984246148
"2026-07-31 12:01:35";1785492095.487;35.679598259203;991.32374827067
"2026-07-31 12:01:35";1785492095.555;38.178470164005;991.31982856994
"2026-07-31 12:01:35";1785492095.636;41.191156175401;991.32452901204
"2026-07-31 12:01:35";1785492095.718;44.232184516059;991.3381974962
"2026-07-31 12:01:35";1785492095.786;46.766445159913;991.35535939534
"2026-07-31 12:01:35";1785492095.853;49.300598144531;991.35596720377
"2026-07-31 12:01:35";1785492095.935;52.313395952938;991.35246797338
"2026-07-31 12:01:36";1785492096.003;54.854457855224;991.35047889478
"2026-07-31 12:01:36";1785492096.071;57.324894375271;991.34883626302
"2026-07-31 12:01:36";1785492096.152;60.365757412381;991.34693739149
"2026-07-31 12:01:36";1785492096.234;63.406611972385;991.33618672689
"2026-07-31 12:01:36";1785492096.302;65.940737406412;991.32051595053
"2026-07-31 12:01:36";1785492096.369;68.404773981884;991.29800815775
"2026-07-31 12:01:36";1785492096.451;71.43202718099;991.20302157932
"2026-07-31 12:01:36";1785492096.519;73.966389973958;991.13567860922
"2026-07-31 12:01:36";1785492096.587;76.500697665744;991.11905585395
"2026-07-31 12:01:36";1785492096.668;79.513517153013;991.09455713896
"2026-07-31 12:01:36";1785492096.75;82.568271906689;991.07386687307
"2026-07-31 12:01:36";1785492096.818;85.03187306722;991.0563735962
"2026-07-31 12:01:36";1785492096.885;87.565789964464;991.0358903673
"2026-07-31 12:01:36";1785492096.967;90.606575012207;991.00777859158
"2026-07-31 12:01:37";1785492097.035;93.140632629395;991.00313313802
"2026-07-31 12:01:37";1785492097.103;95.6467143061;990.9924311071
"2026-07-31 12:01:37";1785492097.184;98.673691951867;990.97594675392
"2026-07-31 12:01:37";1785492097.266;101.67262776693;990.953157213
"2026-07-31 12:01:37";1785492097.334;104.20667775472;990.96209462484
"2026-07-31 12:01:37";1785492097.401;106.71266665158;990.96637024542
"2026-07-31 12:01:37";1785492097.483;109.7394732851;990.981265752
"2026-07-31 12:01:37";1785492097.564;112.76638801652;990.95472410213
"2026-07-31 12:01:37";1785492097.632;115.27263768514;990.9316813151
"2026-07-31 12:01:37";1785492097.7;117.80656687418;990.92927212186
"2026-07-31 12:01:37";1785492097.782;120.84699503581;990.91162618001
"2026-07-31 12:01:37";1785492097.85;123.33847686127;990.9065600842
"2026-07-31 12:01:37";1785492097.917;125.87195024587;990.90455226706
"2026-07-31 12:01:37";1785492097.999;128.89834415107;990.90776216141
"2026-07-31 12:01:38";1785492098.08;131.91099039714;990.91270277235
"2026-07-31 12:01:38";1785492098.148;134.44505564372;991.02505238851
"2026-07-31 12:01:38";1785492098.216;136.97923278809;991.09966532389
"2026-07-31 12:01:38";1785492098.298;140.0200797187;991.20938618978
"2026-07-31 12:01:38";1785492098.366;142.55422210694;991.29409790039
"2026-07-31 12:01:38";1785492098.433;145.08816697862;991.39062669542
"2026-07-31 12:01:38";1785492098.515;148.07277116872;991.50627140973
"2026-07-31 12:01:38";1785492098.596;151.09941987317;991.58732990303
"2026-07-31 12:01:38";1785492098.664;153.61923853556;991.59736887614
"2026-07-31 12:01:38";1785492098.732;156.15341356066;991.61584981282
"2026-07-31 12:01:38";1785492098.814;159.16642797391;991.63725885422
"2026-07-31 12:01:38";1785492098.895;162.23586866591;991.64372931586
"2026-07-31 12:01:38";1785492098.963;164.72809958291;991.6506119308
"2026-07-31 12:01:39";1785492099.031;167.23411529233;991.68561885333
"2026-07-31 12:01:39";1785492099.112;170.26125590006;991.73422410753
"2026-07-31 12:01:39";1785492099.18;172.79565429688;991.78070576985
"2026-07-31 12:01:39";1785492099.248;175.30179827734;991.80432762022
"2026-07-31 12:01:39";1785492099.33;178.35710406063;991.84923160437
"2026-07-31 12:01:39";1785492099.411;181.38440341549;991.9172767574
"2026-07-31 12:01:39";1785492099.479;183.86239624024;991.96488698324
"2026-07-31 12:01:39";1785492099.546;93.101356506349;991.65474955241
"2026-07-31 12:01:39";1785492099.627;2.8469729953342;991.30806477865
"2026-07-31 12:01:39";1785492099.707;5.8450324318626;991.30970517553
"2026-07-31 12:01:39";1785492099.774;8.3785843215623;991.3115189559
"2026-07-31 12:01:39";1785492099.84;10.87016720242;991.31458367242
"2026-07-31 12:01:39";1785492099.921;13.910514831543;991.31126403808
"2026-07-31 12:01:40";1785492100.001;16.936728814635;991.31519402398
"2026-07-31 12:01:40";1785492100.068;19.463168706649;991.30897874099
"2026-07-31 12:01:40";1785492100.134;21.961560822126;991.31205006135
"2026-07-31 12:01:40";1785492100.215;24.988108394122;991.325411864
"2026-07-31 12:01:40";1785492100.295;28.084935180142;991.33355256431
"2026-07-31 12:01:40";1785492100.362;30.633045196534;991.34094746907
"2026-07-31 12:01:40";1785492100.428;33.166940477159;991.32984246148
"2026-07-31 12:01:40";1785492100.509;36.165301698627;991.32228597005
"2026-07-31 12:01:40";1785492100.589;39.192058115665;991.32061863612
"2026-07-31 12:01:40";1785492100.656;41.697998046875;991.32592773438
"2026-07-31 12:01:40";1785492100.722;44.232184516059;991.3381974962
"2026-07-31 12:01:40";1785492100.803;47.273273044163;991.35391065809
"2026-07-31 12:01:40";1785492100.883;50.31425052219;991.35758802626
"2026-07-31 12:01:40";1785492100.963;53.327043244333;991.35022832223
"2026-07-31 12:01:41";1785492101.03;55.82570139567;991.35129015373
"2026-07-31 12:01:41";1785492101.097;58.338500976562;991.34974161784
"2026-07-31 12:01:41";1785492101.177;61.379386901855;991.34259202745
"2026-07-31 12:01:41";1785492101.257;64.42022535536;991.33219061958
"2026-07-31 12:01:41";1785492101.324;66.933397697679;991.31281627308
"2026-07-31 12:01:41";1785492101.391;69.404470655653;991.27269321018
"2026-07-31 12:01:41";1785492101.471;72.445779588488;991.17104424371
"2026-07-31 12:01:41";1785492101.551;75.486983405219;991.12459309896
"2026-07-31 12:01:41";1785492101.618;78.021218617757;991.10611724853
"2026-07-31 12:01:41";1785492101.685;80.527101713831;991.08908092911
"2026-07-31 12:01:41";1785492101.765;83.553687895187;991.06674101858
"2026-07-31 12:01:41";1785492101.845;86.552266438802;991.04395209419
"2026-07-31 12:01:41";1785492101.912;89.086083730062;991.01965586344
"2026-07-31 12:01:41";1785492101.979;91.620214674208;991.00705634223
"2026-07-31 12:01:42";1785492102.059;94.647103666055;990.99234764022
"2026-07-31 12:01:42";1785492102.139;97.674045186313;990.98625869573
"2026-07-31 12:01:42";1785492102.219;100.65895589193;990.95628187392
"2026-07-31 12:01:42";1785492102.286;103.19304021199;990.95773061117
"2026-07-31 12:01:42";1785492102.353;105.71310902605;990.96373217033
"2026-07-31 12:01:42";1785492102.433;108.73991422498;990.98135221848
"2026-07-31 12:01:42";1785492102.513;111.73861100938;990.96274051503
"2026-07-31 12:01:42";1785492102.58;114.27998109297;990.94249147358
"2026-07-31 12:01:42";1785492102.647;116.79303487142;990.92795817058
"2026-07-31 12:01:42";1785492102.727;119.83355119493;990.91893005371
"2026-07-31 12:01:42";1785492102.807;122.84579555509;990.90753670598
"2026-07-31 12:01:42";1785492102.874;125.38630595352;990.90182148326
"2026-07-31 12:01:42";1785492102.941;127.88483503649;990.91439973465
"2026-07-31 12:01:43";1785492103.021;130.89738294814;990.89109802246
"2026-07-31 12:01:43";1785492103.101;133.93823326959;991.00167338053
"2026-07-31 12:01:43";1785492103.168;136.47243118286;991.08122762044
"2026-07-31 12:01:43";1785492103.235;139.00642988417;991.17827351888
"2026-07-31 12:01:43";1785492103.315;142.04740990533;991.27269151476
"2026-07-31 12:01:43";1785492103.395;145.08816697862;991.39062669542
"2026-07-31 12:01:43";1785492103.475;148.07277116872;991.50627140973
"2026-07-31 12:01:43";1785492103.542;150.5997205792;991.58379941998
"2026-07-31 12:01:43";1785492103.609;153.11243184407;991.59637620714
"2026-07-31 12:01:43";1785492103.689;156.15341356066;991.61584981282
"2026-07-31 12:01:43";1785492103.769;159.16642797391;991.63725885422
"2026-07-31 12:01:43";1785492103.836;161.72898610433;991.64430999755
"2026-07-31 12:01:43";1785492103.903;164.23527765163;991.64793060469
"2026-07-31 12:01:43";1785492103.983;167.23411529233;991.68561885333
"2026-07-31 12:01:44";1785492104.063;170.26125590006;991.73422410753
"2026-07-31 12:01:44";1785492104.13;172.79565429688;991.78070576985
"2026-07-31 12:01:44";1785492104.197;175.30179827734;991.80432762022
"2026-07-31 12:01:44";1785492104.277;178.35710406063;991.84923160437
"2026-07-31 12:01:44";1785492104.357;181.38440341549;991.9172767574
"2026-07-31 12:01:44";1785492104.424;183.86239624024;991.96488698324
"2026-07-31 12:01:44";1785492104.491;186.39639112685;992.0060289171
"2026-07-31 12:01:44";1785492104.571;189.43741183811;992.0688035753
"2026-07-31 12:01:44";1785492104.662;1.3267440795898;991.31526947021
"2026-07-31 12:01:44";1785492104.727;3.8604312472873;991.30719163683
"2026-07-31 12:01:44";1785492104.805;6.8443555024213;991.31096096083
"2026-07-31 12:01:44";1785492104.869;9.3709784999038;991.31335587935
"2026-07-31 12:01:44";1785492104.934;11.883661058214;991.31317986382
"2026-07-31 12:01:45";1785492105.012;14.923931545681;991.31349012587
"2026-07-31 12:01:45";1785492105.089;17.936065644188;991.3124616574
"2026-07-31 12:01:45";1785492105.167;20.962158588448;991.30894978841
"2026-07-31 12:01:45";1785492105.244;23.988637235059;991.32305796756
"2026-07-31 12:01:45";1785492105.322;27.043274447449;991.32900544517
"2026-07-31 12:01:45";1785492105.387;29.619397481283;991.33918762207
"2026-07-31 12:01:45";1785492105.451;32.153413560655;991.33457438151
"2026-07-31 12:01:45";1785492105.529;35.179879776155;991.32526143392
"2026-07-31 12:01:45";1785492105.606;38.178470164005;991.31982856994
"2026-07-31 12:01:45";1785492105.684;41.191156175401;991.32452901204
"2026-07-31 12:01:45";1785492105.762;44.232184516059;991.3381974962
"2026-07-31 12:01:45";1785492105.839;47.273273044163;991.35391065809
"2026-07-31 12:01:45";1785492105.904;49.807432810465;991.35844421386
"2026-07-31 12:01:45";1785492105.969;52.313395952938;991.35246797338
"2026-07-31 12:01:46";1785492106.046;55.340076870388;991.35057900168
"2026-07-31 12:01:46";1785492106.124;58.338500976562;991.34974161784
"2026-07-31 12:01:46";1785492106.201;61.379386901855;991.34259202745
"2026-07-31 12:01:46";1785492106.279;64.42022535536;991.33219061958
"2026-07-31 12:01:46";1785492106.357;67.419167258522;991.31026266079
"2026-07-31 12:01:46";1785492106.421;69.911352793375;991.25646209717
"2026-07-31 12:01:46";1785492106.486;72.445779588488;991.17104424371
"2026-07-31 12:01:46";1785492106.563;75.486983405219;991.12459309896
"2026-07-31 12:01:46";1785492106.641;78.513969113128;991.10330616344
"2026-07-31 12:01:46";1785492106.719;81.554725516555;991.08039621206
"2026-07-31 12:01:46";1785492106.796;84.539140335237;991.06015430797
"2026-07-31 12:01:46";1785492106.874;87.565789964464;991.0358903673
"2026-07-31 12:01:46";1785492106.938;90.099741617839;991.00683085124
"2026-07-31 12:01:47";1785492107.003;92.633835686578;991.00531344944
"2026-07-31 12:01:47";1785492107.081;95.6467143061;990.9924311071
"2026-07-31 12:01:47";1785492107.158;98.673691951867;990.97594675392
"2026-07-31 12:01:47";1785492107.236;101.67262776693;990.953157213
"2026-07-31 12:01:47";1785492107.313;104.71351453993;990.96090867784
"2026-07-31 12:01:47";1785492107.391;107.72630800901;990.9747863153
"2026-07-31 12:01:47";1785492107.456;110.22515383633;990.98000613126
"2026-07-31 12:01:47";1785492107.52;112.76638801652;990.95472410213
"2026-07-31 12:01:47";1785492107.598;115.77943844265;990.92991977268
"2026-07-31 12:01:47";1785492107.676;118.82006666395;990.92712232802
"2026-07-31 12:01:47";1785492107.753;121.84640818895;990.90880083797
"2026-07-31 12:01:47";1785492107.831;124.87259561439;990.90176395158
"2026-07-31 12:01:47";1785492107.908;127.88483503649;990.91439973465
"2026-07-31 12:01:47";1785492107.973;130.39056777954;990.87702178955
"2026-07-31 12:01:48";1785492108.038;132.92461140951;990.96099005805
"2026-07-31 12:01:48";1785492108.115;135.96558041043;991.06791856554
"2026-07-31 12:01:48";1785492108.193;139.00642988417;991.17827351888
"2026-07-31 12:01:48";1785492108.27;142.04740990533;991.27269151476
"2026-07-31 12:01:48";1785492108.348;145.08816697862;991.39062669542
"2026-07-31 12:01:48";1785492108.426;148.07277116872;991.50627140973
"2026-07-31 12:01:48";1785492108.49;150.5997205792;991.58379941998
"2026-07-31 12:01:48";1785492108.555;153.11243184407;991.59637620714
"2026-07-31 12:01:48";1785492108.633;156.15341356066;991.61584981282
"2026-07-31 12:01:48";1785492108.71;159.16642797391;991.63725885422
"2026-07-31 12:01:48";1785492108.788;162.23586866591;991.64372931586
"2026-07-31 12:01:48";1785492108.865;165.23494843169;991.65573539823
"2026-07-31 12:01:48";1785492108.943;168.23371971978;991.70218234592
"2026-07-31 12:01:49";1785492109.008;170.76815414429;991.74349975586
"2026-07-31 12:01:49";1785492109.072;173.30251227485;991.7844780816
"2026-07-31 12:01:49";1785492109.15;176.3155074516;991.8162633841
"2026-07-31 12:01:49";1785492109.227;179.35683579286;991.87002398677
"2026-07-31 12:01:49";1785492109.305;182.38408761073;991.93877326118
"2026-07-31 12:01:49";1785492109.383;185.38277011448;991.98971218533
"2026-07-31 12:01:49";1785492109.46;188.423731486;992.04765658908
"2026-07-31 12:01:49";1785492109.525;190.95791880289;992.09858194987
"2026-07-31 12:01:49";1785492109.59;193.49227057563;992.15161980523
"2026-07-31 12:01:49";1785492109.666;98.148768453889;991.75563950972
"2026-07-31 12:01:49";1785492109.742;2.8469729953342;991.30806477865
"2026-07-31 12:01:49";1785492109.818;5.8450324318626;991.30970517553
"2026-07-31 12:01:49";1785492109.894;8.8712665347416;991.312588565
"2026-07-31 12:01:49";1785492109.969;11.883661058214;991.31317986382
"2026-07-31 12:01:50";1785492110.045;14.923931545681;991.31349012587
"2026-07-31 12:01:50";1785492110.121;17.936065644188;991.3124616574
"2026-07-31 12:01:50";1785492110.196;20.962158588448;991.30894978841
"2026-07-31 12:01:50";1785492110.272;23.988637235059;991.32305796756
"2026-07-31 12:01:50";1785492110.348;27.043274447449;991.32900544517
"2026-07-31 12:01:50";1785492110.411;29.619397481283;991.33918762207
"2026-07-31 12:01:50";1785492110.474;32.153413560655;991.33457438151
"2026-07-31 12:01:50";1785492110.55;35.179879776155;991.32526143392
"2026-07-31 12:01:50";1785492110.626;38.178470164005;991.31982856994
"2026-07-31 12:01:50";1785492110.701;41.191156175401;991.32452901204
"2026-07-31 12:01:50";1785492110.777;44.232184516059;991.3381974962
"2026-07-31 12:01:50";1785492110.853;47.273273044163;991.35391065809
"2026-07-31 12:01:50";1785492110.928;50.31425052219;991.35758802626
"2026-07-31 12:01:51";1785492111.004;53.327043244333;991.35022832223
"2026-07-31 12:01:51";1785492111.08;56.325423346625;991.35103846078
"2026-07-31 12:01:51";1785492111.156;59.352121141222;991.34875318739
"2026-07-31 12:01:51";1785492111.231;62.393007066515;991.34046088325
"2026-07-31 12:01:51";1785492111.307;65.433899773492;991.32265218099
"2026-07-31 12:01:51";1785492111.383;68.404773981884;991.29800815775
"2026-07-31 12:01:51";1785492111.446;70.92515818278;991.21968841553
"2026-07-31 12:01:51";1785492111.509;73.459515041775;991.14701504178
"2026-07-31 12:01:51";1785492111.585;76.500697665744;991.11905585395
"2026-07-31 12:01:51";1785492111.66;79.513517153013;991.09455713896
"2026-07-31 12:01:51";1785492111.736;82.568271906689;991.07386687307
"2026-07-31 12:01:51";1785492111.812;85.538681877984;991.05211215549
"2026-07-31 12:01:51";1785492111.887;88.579322814942;991.02523634169
"2026-07-31 12:01:51";1785492111.963;91.620214674208;991.00705634223
"2026-07-31 12:01:52";1785492112.039;94.647103666055;990.99234764022
"2026-07-31 12:01:52";1785492112.115;97.674045186313;990.98625869573
"2026-07-31 12:01:52";1785492112.19;100.65895589193;990.95628187392
"2026-07-31 12:01:52";1785492112.266;103.69986385769;990.96031188965
"2026-07-31 12:01:52";1785492112.342;106.71266665158;990.96637024542
"2026-07-31 12:01:52";1785492112.405;109.25377932462;990.98533399177
"2026-07-31 12:01:52";1785492112.468;111.73861100938;990.96274051503
"2026-07-31 12:01:52";1785492112.544;114.77982253258;990.93748088798
"2026-07-31 12:01:52";1785492112.619;117.80656687418;990.92927212186
"2026-07-31 12:01:52";1785492112.695;120.84699503581;990.91162618001
"2026-07-31 12:01:52";1785492112.771;123.85921226922;990.90503765542
"2026-07-31 12:01:52";1785492112.846;126.87134256785;990.91168829408
"2026-07-31 12:01:52";1785492112.922;129.8978472623;990.88794268984
"2026-07-31 12:01:52";1785492112.998;132.92461140951;990.96099005805
"2026-07-31 12:01:53";1785492113.074;135.96558041043;991.06791856554
"2026-07-31 12:01:53";1785492113.149;139.00642988417;991.17827351888
"2026-07-31 12:01:53";1785492113.225;142.04740990533;991.27269151476
"2026-07-31 12:01:53";1785492113.301;145.08816697862;991.39062669542
"2026-07-31 12:01:53";1785492113.376;148.07277116872;991.50627140973
"2026-07-31 12:01:53";1785492113.439;150.5997205792;991.58379941998
"2026-07-31 12:01:53";1785492113.503;153.11243184407;991.59637620714
"2026-07-31 12:01:53";1785492113.578;156.15341356066;991.61584981282
"2026-07-31 12:01:53";1785492113.654;159.16642797391;991.63725885422
"2026-07-31 12:01:53";1785492113.73;162.23586866591;991.64372931586
"2026-07-31 12:01:53";1785492113.805;165.23494843169;991.65573539823
"2026-07-31 12:01:53";1785492113.881;168.23371971978;991.70218234592
"2026-07-31 12:01:53";1785492113.957;171.27503034803;991.7521548801
"2026-07-31 12:01:54";1785492114.033;174.30216070618;991.79384404963
"2026-07-31 12:01:54";1785492114.108;177.34332484058;991.83387834598
"2026-07-31 12:01:54";1785492114.184;180.37063906299;991.89359881587
"2026-07-31 12:01:54";1785492114.26;183.36962058327;991.95675489638
"2026-07-31 12:01:54";1785492114.335;186.39639112685;992.0060289171
"2026-07-31 12:01:54";1785492114.411;189.43741183811;992.0688035753
"2026-07-31 12:01:54";1785492114.474;191.97162119547;992.11951955159
"2026-07-31 12:01:54";1785492114.537;194.49195376309;992.17205394398
"2026-07-31 12:01:54";1785492114.613;197.51955656275;992.22104765115
"2026-07-31 12:01:54";1785492114.689;134.95671420627;991.92767842611
"2026-07-31 12:01:54";1785492114.764;6.8443555024213;991.31096096083
"2026-07-31 12:01:54";1785492114.84;9.8707075022689;991.31396237768
"2026-07-31 12:01:54";1785492114.916;12.897115919325;991.31209818522
"2026-07-31 12:01:54";1785492114.991;15.937360975477;991.31513468424
"2026-07-31 12:01:55";1785492115.067;18.949447602195;991.30982697316
"2026-07-31 12:01:55";1785492115.142;21.961560822126;991.31205006135
"2026-07-31 12:01:55";1785492115.218;24.988108394122;991.325411864
"2026-07-31 12:01:55";1785492115.294;28.084935180142;991.33355256431
"2026-07-31 12:01:55";1785492115.369;31.139831542969;991.33817206489
"2026-07-31 12:01:55";1785492115.445;34.18044535319;991.32701280382
"2026-07-31 12:01:55";1785492115.508;36.650993115974;991.32136281331
"2026-07-31 12:01:55";1785492115.571;39.192058115665;991.32061863612
"2026-07-31 12:01:55";1785492115.647;42.204831441243;991.32914394803
"2026-07-31 12:01:55";1785492115.722;45.24587504069;991.34449428982
"2026-07-31 12:01:55";1785492115.798;48.286959330241;991.35453796387
"2026-07-31 12:01:55";1785492115.873;51.313812178795;991.35630705862
"2026-07-31 12:01:55";1785492115.949;54.3406346639;991.34999342935
"2026-07-31 12:01:56";1785492116.025;57.324894375271;991.34883626302
"2026-07-31 12:01:56";1785492116.1;60.365757412381;991.34693739149
"2026-07-31 12:01:56";1785492116.176;63.406611972385;991.33618672689
"2026-07-31 12:01:56";1785492116.251;66.433552905766;991.31803447069
"2026-07-31 12:01:56";1785492116.327;69.404470655653;991.27269321018
"2026-07-31 12:01:56";1785492116.403;72.445779588488;991.17104424371
"2026-07-31 12:01:56";1785492116.478;75.486983405219;991.12459309896
"2026-07-31 12:01:56";1785492116.554;78.513969113128;991.10330616344
"2026-07-31 12:01:56";1785492116.617;81.040917518811;991.08477939703
"2026-07-31 12:01:56";1785492116.68;83.553687895187;991.06674101858
"2026-07-31 12:01:56";1785492116.755;86.552266438802;991.04395209419
"2026-07-31 12:01:56";1785492116.831;89.592917548286;991.01378207737
"2026-07-31 12:01:56";1785492116.907;92.633835686578;991.00531344944
"2026-07-31 12:01:56";1785492116.982;95.6467143061;990.9924311071
"2026-07-31 12:01:57";1785492117.058;98.673691951867;990.97594675392
"2026-07-31 12:01:57";1785492117.133;101.67262776693;990.953157213
"2026-07-31 12:01:57";1785492117.209;104.71351453993;990.96090867784
"2026-07-31 12:01:57";1785492117.285;107.72630800901;990.9747863153
"2026-07-31 12:01:57";1785492117.36;110.72494098393;990.97622017909
"2026-07-31 12:01:57";1785492117.436;113.78013957631;990.94380898168
"2026-07-31 12:01:57";1785492117.511;116.79303487142;990.92795817058
"2026-07-31 12:01:57";1785492117.587;119.83355119493;990.91893005371
"2026-07-31 12:01:57";1785492117.663;122.84579555509;990.90753670598
"2026-07-31 12:01:57";1785492117.726;125.38630595352;990.90182148326
"2026-07-31 12:01:57";1785492117.789;127.88483503649;990.91439973465
"2026-07-31 12:01:57";1785492117.864;130.89738294814;990.89109802246
"2026-07-31 12:01:57";1785492117.94;133.93823326959;991.00167338053
"2026-07-31 12:01:58";1785492118.016;136.97923278809;991.09966532389
"2026-07-31 12:01:58";1785492118.091;140.0200797187;991.20938618978
"2026-07-31 12:01:58";1785492118.167;143.06103006999;991.31546868218
"2026-07-31 12:01:58";1785492118.242;146.08767222395;991.42546281911
"2026-07-31 12:01:58";1785492118.318;149.08642362344;991.54492885824
"2026-07-31 12:01:58";1785492118.394;152.09884474012;991.59265136719
"2026-07-31 12:01:58";1785492118.469;155.13973151313;991.60636901855
"2026-07-31 12:01:58";1785492118.545;158.16678049107;991.63465742631
"2026-07-31 12:01:58";1785492118.62;161.2080147246;991.64164968637
"2026-07-31 12:01:58";1785492118.696;164.23527765163;991.64793060469
"2026-07-31 12:01:58";1785492118.759;166.73432494655;991.67692681515
"2026-07-31 12:01:58";1785492118.822;169.24747297499;991.71784464518
"2026-07-31 12:01:58";1785492118.898;172.28878445095;991.77118428548
"2026-07-31 12:01:58";1785492118.973;175.30179827734;991.80432762022
"2026-07-31 12:01:59";1785492119.049;178.35710406063;991.84923160437
"2026-07-31 12:01:59";1785492119.124;181.38440341549;991.9172767574
"2026-07-31 12:01:59";1785492119.2;184.36917199029;991.97288004557
"2026-07-31 12:01:59";1785492119.276;187.41005452474;992.02570936415
"2026-07-31 12:01:59";1785492119.351;190.45108879937;992.0893995497
"2026-07-31 12:01:59";1785492119.427;193.49227057563;992.15161980523
"2026-07-31 12:01:59";1785492119.502;196.50560170658;992.20742016535
"2026-07-31 12:01:59";1785492119.578;199.50522706003;992.23575908006
"2026-07-31 12:01:59";1785492119.654;202.56130030587;992.23971592
"2026-07-31 12:01:59";1785492119.729;139.99730343289;991.92832438151
"2026-07-31 12:01:59";1785492119.805;11.883661058214;991.31317986382
"2026-07-31 12:01:59";1785492119.869;14.417215983073;991.31163787842
"2026-07-31 12:01:59";1785492119.932;16.936728814635;991.31519402398
"2026-07-31 12:02:00";1785492120.008;19.96282632349;991.30876903045
"2026-07-31 12:02:00";1785492120.084;22.975076410135;991.31792423275
"2026-07-31 12:02:00";1785492120.16;26.001640841492;991.32736427764
"2026-07-31 12:02:00";1785492120.236;29.112582736545;991.33607991536
"2026-07-31 12:02:00";1785492120.312;32.153413560655;991.33457438151
"2026-07-31 12:02:00";1785492120.389;35.179879776155;991.32526143392
"2026-07-31 12:02:00";1785492120.465;38.178470164005;991.31982856994
"2026-07-31 12:02:00";1785492120.541;41.191156175401;991.32452901204
"2026-07-31 12:02:00";1785492120.617;44.232184516059;991.3381974962
"2026-07-31 12:02:00";1785492120.68;46.766445159913;991.35535939534
"2026-07-31 12:02:00";1785492120.744;49.300598144531;991.35596720377
"2026-07-31 12:02:00";1785492120.82;52.313395952938;991.35246797338
"2026-07-31 12:02:00";1785492120.896;55.340076870388;991.35057900168
"2026-07-31 12:02:00";1785492120.972;58.338500976562;991.34974161784
"2026-07-31 12:02:01";1785492121.048;61.379386901855;991.34259202745
"2026-07-31 12:02:01";1785492121.124;64.42022535536;991.33219061958
"2026-07-31 12:02:01";1785492121.2;67.419167258522;991.31026266079
"2026-07-31 12:02:01";1785492121.276;70.418249342177;991.23839145236
"2026-07-31 12:02:01";1785492121.352;73.459515041775;991.14701504178
"2026-07-31 12:02:01";1785492121.428;76.500697665744;991.11905585395
"2026-07-31 12:02:01";1785492121.504;79.513517153013;991.09455713896
"2026-07-31 12:02:01";1785492121.568;82.075570424397;991.07694244385
"2026-07-31 12:02:01";1785492121.631;84.539140335237;991.06015430797
"2026-07-31 12:02:01";1785492121.707;87.565789964464;991.0358903673
"2026-07-31 12:02:01";1785492121.783;90.606575012207;991.00777859158
"2026-07-31 12:02:01";1785492121.859;93.64749399821;990.99958123101
"2026-07-31 12:02:01";1785492121.935;96.660364988337;990.99180549675
"2026-07-31 12:02:02";1785492122.011;99.65930291378;990.96221893002
"2026-07-31 12:02:02";1785492122.087;102.68624199761;990.9562564426
"2026-07-31 12:02:02";1785492122.164;105.71310902605;990.96373217033
"2026-07-31 12:02:02";1785492122.24;108.73991422498;990.98135221848
"2026-07-31 12:02:02";1785492122.316;111.73861100938;990.96274051503
"2026-07-31 12:02:02";1785492122.379;114.27998109297;990.94249147358
"2026-07-31 12:02:02";1785492122.443;116.79303487142;990.92795817058
"2026-07-31 12:02:02";1785492122.519;119.83355119493;990.91893005371
"2026-07-31 12:02:02";1785492122.595;122.84579555509;990.90753670598
"2026-07-31 12:02:02";1785492122.671;125.87195024587;990.90455226706
"2026-07-31 12:02:02";1785492122.747;128.89834415107;990.90776216141
"2026-07-31 12:02:02";1785492122.823;131.91099039714;990.91270277235
"2026-07-31 12:02:02";1785492122.899;134.95191362169;991.03666178385
"2026-07-31 12:02:02";1785492122.975;137.99282073975;991.13956366645
"2026-07-31 12:02:03";1785492123.051;141.0337515937;991.24120246039
"2026-07-31 12:02:03";1785492123.127;144.07460869683;991.35527886285
"2026-07-31 12:02:03";1785492123.203;147.07315602929;991.46206695865
"2026-07-31 12:02:03";1785492123.267;149.60733725808;991.56525960002
"2026-07-31 12:02:03";1785492123.33;152.09884474012;991.59265136719
"2026-07-31 12:02:03";1785492123.406;155.13973151313;991.60636901855
"2026-07-31 12:02:03";1785492123.482;158.16678049107;991.63465742631
"2026-07-31 12:02:03";1785492123.558;161.2080147246;991.64164968637
"2026-07-31 12:02:03";1785492123.634;164.23527765163;991.64793060469
"2026-07-31 12:02:03";1785492123.71;167.23411529233;991.68561885333
"2026-07-31 12:02:03";1785492123.787;170.26125590006;991.73422410753
"2026-07-31 12:02:03";1785492123.863;173.30251227485;991.7844780816
"2026-07-31 12:02:03";1785492123.939;176.3155074516;991.8162633841
"2026-07-31 12:02:04";1785492124.015;179.35683579286;991.87002398677
"2026-07-31 12:02:04";1785492124.078;181.89832964811;991.93081156413
"2026-07-31 12:02:04";1785492124.142;184.36917199029;991.97288004557
"2026-07-31 12:02:04";1785492124.218;187.41005452474;992.02570936415
"2026-07-31 12:02:04";1785492124.294;190.45108879937;992.0893995497
"2026-07-31 12:02:04";1785492124.37;193.49227057563;992.15161980523
"2026-07-31 12:02:04";1785492124.446;196.50560170658;992.20742016535
"2026-07-31 12:02:04";1785492124.522;199.50522706003;992.23575908006
"2026-07-31 12:02:04";1785492124.598;202.56130030587;992.23971592
"2026-07-31 12:02:04";1785492124.674;205.57453494602;992.23681810167
"2026-07-31 12:02:04";1785492124.75;208.61587863499;992.24435424805
"2026-07-31 12:02:04";1785492124.826;80.501532660591;991.62319776747
"2026-07-31 12:02:04";1785492124.901;17.936065644188;991.3124616574
"2026-07-31 12:02:04";1785492124.977;20.962158588448;991.30894978841
"2026-07-31 12:02:05";1785492125.04;23.495929637989;991.32211645166
"2026-07-31 12:02:05";1785492125.103;26.001640841492;991.32736427764
"2026-07-31 12:02:05";1785492125.178;29.112582736545;991.33607991536
"2026-07-31 12:02:05";1785492125.253;32.153413560655;991.33457438151
"2026-07-31 12:02:05";1785492125.329;35.179879776155;991.32526143392
"2026-07-31 12:02:05";1785492125.404;38.178470164005;991.31982856994
"2026-07-31 12:02:05";1785492125.48;41.191156175401;991.32452901204
"2026-07-31 12:02:05";1785492125.555;44.232184516059;991.3381974962
"2026-07-31 12:02:05";1785492125.631;47.273273044163;991.35391065809
"2026-07-31 12:02:05";1785492125.706;50.31425052219;991.35758802626
"2026-07-31 12:02:05";1785492125.781;53.327043244333;991.35022832223
"2026-07-31 12:02:05";1785492125.857;56.325423346625;991.35103846078
"2026-07-31 12:02:05";1785492125.932;59.352121141222;991.34875318739
"2026-07-31 12:02:06";1785492126.008;62.393007066515;991.34046088325
"2026-07-31 12:02:06";1785492126.083;65.433899773492;991.32265218099
"2026-07-31 12:02:06";1785492126.159;68.404773981884;991.29800815775
"2026-07-31 12:02:06";1785492126.221;70.92515818278;991.21968841553
"2026-07-31 12:02:06";1785492126.284;73.459515041775;991.14701504178
"2026-07-31 12:02:06";1785492126.36;76.500697665744;991.11905585395
"2026-07-31 12:02:06";1785492126.435;79.513517153013;991.09455713896
"2026-07-31 12:02:06";1785492126.511;82.568271906689;991.07386687307
"2026-07-31 12:02:06";1785492126.586;85.538681877984;991.05211215549
"2026-07-31 12:02:06";1785492126.662;88.579322814942;991.02523634169
"2026-07-31 12:02:06";1785492126.737;91.620214674208;991.00705634223
"2026-07-31 12:02:06";1785492126.812;94.647103666055;990.99234764022
"2026-07-31 12:02:06";1785492126.888;97.674045186313;990.98625869573
"2026-07-31 12:02:06";1785492126.963;100.65895589193;990.95628187392
"2026-07-31 12:02:07";1785492127.039;103.69986385769;990.96031188965
"2026-07-31 12:02:07";1785492127.114;106.71266665158;990.96637024542
"2026-07-31 12:02:07";1785492127.19;109.7394732851;990.981265752
"2026-07-31 12:02:07";1785492127.265;112.76638801652;990.95472410213
"2026-07-31 12:02:07";1785492127.34;115.77943844265;990.92991977268
"2026-07-31 12:02:07";1785492127.403;118.31333033243;990.93070983887
"2026-07-31 12:02:07";1785492127.466;120.84699503581;990.91162618001
"2026-07-31 12:02:07";1785492127.542;123.85921226922;990.90503765542
"2026-07-31 12:02:07";1785492127.617;126.87134256785;990.91168829408
"2026-07-31 12:02:07";1785492127.692;129.8978472623;990.88794268984
"2026-07-31 12:02:07";1785492127.768;132.92461140951;990.96099005805
"2026-07-31 12:02:07";1785492127.843;135.96558041043;991.06791856554
"2026-07-31 12:02:07";1785492127.919;139.00642988417;991.17827351888
"2026-07-31 12:02:07";1785492127.994;142.04740990533;991.27269151476
"2026-07-31 12:02:08";1785492128.07;145.08816697862;991.39062669542
"2026-07-31 12:02:08";1785492128.145;148.07277116872;991.50627140973
"2026-07-31 12:02:08";1785492128.22;151.09941987317;991.58732990303
"2026-07-31 12:02:08";1785492128.296;154.12606896294;991.59991794162
"2026-07-31 12:02:08";1785492128.371;157.1671134101;991.62523227268
"2026-07-31 12:02:08";1785492128.447;160.18018377225;991.63983250331
"2026-07-31 12:02:08";1785492128.522;163.23557982782;991.6461378926
"2026-07-31 12:02:08";1785492128.585;165.74180752414;991.65954803253
"2026-07-31 12:02:08";1785492128.648;168.23371971978;991.70218234592
"2026-07-31 12:02:08";1785492128.723;171.27503034803;991.7521548801
"2026-07-31 12:02:08";1785492128.799;174.30216070618;991.79384404963
"2026-07-31 12:02:08";1785492128.874;177.34332484058;991.83387834598
"2026-07-31 12:02:08";1785492128.95;180.37063906299;991.89359881587
"2026-07-31 12:02:09";1785492129.025;183.36962058327;991.95675489638
"2026-07-31 12:02:09";1785492129.101;186.39639112685;992.0060289171
"2026-07-31 12:02:09";1785492129.176;189.43741183811;992.0688035753
"2026-07-31 12:02:09";1785492129.251;192.47851308187;992.1291809082
"2026-07-31 12:02:09";1785492129.327;195.49168569095;992.19103731216
"2026-07-31 12:02:09";1785492129.402;198.51943468807;992.23156291307
"2026-07-31 12:02:09";1785492129.478;201.54734190472;992.23980916815
"2026-07-31 12:02:09";1785492129.553;204.56076558431;992.23623826768
"2026-07-31 12:02:09";1785492129.629;207.60211859809;992.24354553222
"2026-07-31 12:02:09";1785492129.704;210.64332241482;992.24506123861
"2026-07-31 12:02:09";1785492129.779;213.68459743923;992.24719238281
"2026-07-31 12:02:09";1785492129.842;117.83054571441;991.77712457831
"2026-07-31 12:02:09";1785492129.905;21.961560822126;991.31205006135
"2026-07-31 12:02:09";1785492129.981;24.988108394122;991.325411864
"2026-07-31 12:02:10";1785492130.057;28.084935180142;991.33355256431
"2026-07-31 12:02:10";1785492130.132;31.139831542969;991.33817206489
"2026-07-31 12:02:10";1785492130.208;34.18044535319;991.32701280382
"2026-07-31 12:02:10";1785492130.283;37.164859324161;991.32137109479
"2026-07-31 12:02:10";1785492130.359;40.191583267366;991.32256432736
"2026-07-31 12:02:10";1785492130.435;43.218505011664;991.33187696669
"2026-07-31 12:02:10";1785492130.51;46.259585910374;991.35143703885
"2026-07-31 12:02:10";1785492130.586;49.300598144531;991.35596720377
"2026-07-31 12:02:10";1785492130.661;52.313395952938;991.35246797338
"2026-07-31 12:02:10";1785492130.737;55.340076870388;991.35057900168
"2026-07-31 12:02:10";1785492130.812;58.338500976562;991.34974161784
"2026-07-31 12:02:10";1785492130.875;60.872568766276;991.34365844726
"2026-07-31 12:02:10";1785492130.938;63.406611972385;991.33618672689
"2026-07-31 12:02:11";1785492131.014;66.433552905766;991.31803447069
"2026-07-31 12:02:11";1785492131.09;69.404470655653;991.27269321018
"2026-07-31 12:02:11";1785492131.165;72.445779588488;991.17104424371
"2026-07-31 12:02:11";1785492131.241;75.486983405219;991.12459309896
"2026-07-31 12:02:11";1785492131.316;78.513969113128;991.10330616344
"2026-07-31 12:02:11";1785492131.392;81.554725516555;991.08039621206
"2026-07-31 12:02:11";1785492131.468;84.539140335237;991.06015430797
"2026-07-31 12:02:11";1785492131.543;87.565789964464;991.0358903673
"2026-07-31 12:02:11";1785492131.619;90.606575012207;991.00777859158
"2026-07-31 12:02:11";1785492131.694;93.64749399821;990.99958123101
"2026-07-31 12:02:11";1785492131.77;96.660364988337;990.99180549675
"2026-07-31 12:02:11";1785492131.846;99.65930291378;990.96221893002
"2026-07-31 12:02:11";1785492131.921;102.68624199761;990.9562564426
"2026-07-31 12:02:11";1785492131.984;105.22034962972;990.96200561523
"2026-07-31 12:02:12";1785492132.047;107.72630800901;990.9747863153
"2026-07-31 12:02:12";1785492132.123;110.72494098393;990.97622017909
"2026-07-31 12:02:12";1785492132.198;113.78013957631;990.94380898168
"2026-07-31 12:02:12";1785492132.274;116.79303487142;990.92795817058
"2026-07-31 12:02:12";1785492132.35;119.83355119493;990.91893005371
"2026-07-31 12:02:12";1785492132.425;122.84579555509;990.90753670598
"2026-07-31 12:02:12";1785492132.501;125.87195024587;990.90455226706
"2026-07-31 12:02:12";1785492132.576;128.89834415107;990.90776216141
"2026-07-31 12:02:12";1785492132.652;131.91099039714;990.91270277235
"2026-07-31 12:02:12";1785492132.728;134.95191362169;991.03666178385
"2026-07-31 12:02:12";1785492132.803;137.99282073975;991.13956366645
"2026-07-31 12:02:12";1785492132.879;141.0337515937;991.24120246039
"2026-07-31 12:02:12";1785492132.954;144.07460869683;991.35527886285
"2026-07-31 12:02:13";1785492133.03;147.07315602929;991.46206695865
"2026-07-31 12:02:13";1785492133.093;149.60733725808;991.56525960002
"2026-07-31 12:02:13";1785492133.156;152.09884474012;991.59265136719
"2026-07-31 12:02:13";1785492133.232;155.13973151313;991.60636901855
"2026-07-31 12:02:13";1785492133.307;158.16678049107;991.63465742631
"2026-07-31 12:02:13";1785492133.383;161.2080147246;991.64164968637
"2026-07-31 12:02:13";1785492133.458;164.23527765163;991.64793060469
"2026-07-31 12:02:13";1785492133.534;167.23411529233;991.68561885333
"2026-07-31 12:02:13";1785492133.61;170.26125590006;991.73422410753
"2026-07-31 12:02:13";1785492133.685;173.30251227485;991.7844780816
"2026-07-31 12:02:13";1785492133.761;176.3155074516;991.8162633841
"2026-07-31 12:02:13";1785492133.836;179.35683579286;991.87002398677
"2026-07-31 12:02:13";1785492133.912;182.38408761073;991.93877326118
"2026-07-31 12:02:13";1785492133.988;185.38277011448;991.98971218533
"2026-07-31 12:02:14";1785492134.063;188.423731486;992.04765658908
"2026-07-31 12:02:14";1785492134.126;190.95791880289;992.09858194987
"2026-07-31 12:02:14";1785492134.189;193.49227057563;992.15161980523
"2026-07-31 12:02:14";1785492134.265;196.50560170658;992.20742016535
"2026-07-31 12:02:14";1785492134.34;199.50522706003;992.23575908006
"2026-07-31 12:02:14";1785492134.416;202.56130030587;992.23971592
"2026-07-31 12:02:14";1785492134.492;205.57453494602;992.23681810167
"2026-07-31 12:02:14";1785492134.567;208.61587863499;992.24435424805
"2026-07-31 12:02:14";1785492134.643;211.65705278185;992.24809604221
"2026-07-31 12:02:14";1785492134.718;214.68437426018;992.24504228072
"2026-07-31 12:02:14";1785492134.794;217.69809846797;992.25352947529
"2026-07-31 12:02:14";1785492134.87;155.13261082197;991.94760316791
"2026-07-31 12:02:14";1785492134.946;27.043274447449;991.32900544517
"2026-07-31 12:02:15";1785492135.023;30.126219007704;991.34028625488
"2026-07-31 12:02:15";1785492135.087;32.660189310709;991.33061981201
"2026-07-31 12:02:15";1785492135.151;35.179879776155;991.32526143392
"2026-07-31 12:02:15";1785492135.228;38.178470164005;991.31982856994
"2026-07-31 12:02:15";1785492135.304;41.191156175401;991.32452901204
"2026-07-31 12:02:15";1785492135.381;44.232184516059;991.3381974962
"2026-07-31 12:02:15";1785492135.458;47.273273044163;991.35391065809
"2026-07-31 12:02:15";1785492135.534;50.31425052219;991.35758802626
"2026-07-31 12:02:15";1785492135.611;53.327043244333;991.35022832223
"2026-07-31 12:02:15";1785492135.688;56.325423346625;991.35103846078
"2026-07-31 12:02:15";1785492135.752;58.845317840576;991.34934488933
"2026-07-31 12:02:15";1785492135.816;61.379386901855;991.34259202745
"2026-07-31 12:02:15";1785492135.892;64.42022535536;991.33219061958
"2026-07-31 12:02:15";1785492135.969;67.419167258522;991.31026266079
"2026-07-31 12:02:16";1785492136.046;70.418249342177;991.23839145236
"2026-07-31 12:02:16";1785492136.123;73.459515041775;991.14701504178
"2026-07-31 12:02:16";1785492136.199;76.500697665744;991.11905585395
"2026-07-31 12:02:16";1785492136.276;79.513517153013;991.09455713896
"2026-07-31 12:02:16";1785492136.353;82.568271906689;991.07386687307
"2026-07-31 12:02:16";1785492136.417;85.03187306722;991.0563735962
"2026-07-31 12:02:16";1785492136.481;87.565789964464;991.0358903673
"2026-07-31 12:02:16";1785492136.557;90.606575012207;991.00777859158
"2026-07-31 12:02:16";1785492136.634;93.64749399821;990.99958123101
"2026-07-31 12:02:16";1785492136.711;96.660364988337;990.99180549675
"2026-07-31 12:02:16";1785492136.788;99.65930291378;990.96221893002
"2026-07-31 12:02:16";1785492136.864;102.68624199761;990.9562564426
"2026-07-31 12:02:16";1785492136.941;105.71310902605;990.96373217033
"2026-07-31 12:02:17";1785492137.018;108.73991422498;990.98135221848
"2026-07-31 12:02:17";1785492137.082;111.21768824259;990.9708887736
"2026-07-31 12:02:17";1785492137.146;113.78013957631;990.94380898168
"2026-07-31 12:02:17";1785492137.222;116.79303487142;990.92795817058
"2026-07-31 12:02:17";1785492137.299;119.83355119493;990.91893005371
"2026-07-31 12:02:17";1785492137.376;122.84579555509;990.90753670598
"2026-07-31 12:02:17";1785492137.453;125.87195024587;990.90455226706
"2026-07-31 12:02:17";1785492137.529;128.89834415107;990.90776216141
"2026-07-31 12:02:17";1785492137.606;131.91099039714;990.91270277235
"2026-07-31 12:02:17";1785492137.683;134.95191362169;991.03666178385
"2026-07-31 12:02:17";1785492137.747;137.48603439331;991.11955769857
"2026-07-31 12:02:17";1785492137.811;140.0200797187;991.20938618978
"2026-07-31 12:02:17";1785492137.887;143.06103006999;991.31546868218
"2026-07-31 12:02:17";1785492137.964;146.08767222395;991.42546281911
"2026-07-31 12:02:18";1785492138.041;149.08642362344;991.54492885824
"2026-07-31 12:02:18";1785492138.117;152.09884474012;991.59265136719
"2026-07-31 12:02:18";1785492138.194;155.13973151313;991.60636901855
"2026-07-31 12:02:18";1785492138.271;158.16678049107;991.63465742631
"2026-07-31 12:02:18";1785492138.348;161.2080147246;991.64164968637
"2026-07-31 12:02:18";1785492138.412;163.73543201793;991.64533904104
"2026-07-31 12:02:18";1785492138.475;166.23453960404;991.66898912076
"2026-07-31 12:02:18";1785492138.552;169.24747297499;991.71784464518
"2026-07-31 12:02:18";1785492138.629;172.28878445095;991.77118428548
"2026-07-31 12:02:18";1785492138.706;175.30179827734;991.80432762022
"2026-07-31 12:02:18";1785492138.782;178.35710406063;991.84923160437
"2026-07-31 12:02:18";1785492138.859;181.38440341549;991.9172767574
"2026-07-31 12:02:18";1785492138.936;184.36917199029;991.97288004557
"2026-07-31 12:02:19";1785492139.013;187.41005452474;992.02570936415
"2026-07-31 12:02:19";1785492139.077;189.94426091512;992.07925160726
"2026-07-31 12:02:19";1785492139.14;192.47851308187;992.1291809082
"2026-07-31 12:02:19";1785492139.217;195.49168569095;992.19103731216
"2026-07-31 12:02:19";1785492139.294;198.51943468807;992.23156291307
"2026-07-31 12:02:19";1785492139.371;201.54734190472;992.23980916815
"2026-07-31 12:02:19";1785492139.447;204.56076558431;992.23623826768
"2026-07-31 12:02:19";1785492139.524;207.60211859809;992.24354553222
"2026-07-31 12:02:19";1785492139.601;210.64332241482;992.24506123861
"2026-07-31 12:02:19";1785492139.677;213.68459743923;992.24719238281
"2026-07-31 12:02:19";1785492139.741;216.15598898223;992.24788873846
"2026-07-31 12:02:19";1785492139.805;218.72616369667;992.25621687171
"2026-07-31 12:02:19";1785492139.882;221.71161651612;992.25834655762
"2026-07-31 12:02:19";1785492139.959;224.75346544054;992.25027296278
"2026-07-31 12:02:20";1785492140.034;31.139831542969;991.33817206489
"2026-07-31 12:02:20";1785492140.108;34.18044535319;991.32701280382
"2026-07-31 12:02:20";1785492140.182;37.164859324161;991.32137109479
"2026-07-31 12:02:20";1785492140.257;40.191583267366;991.32256432736
"2026-07-31 12:02:20";1785492140.331;43.218505011664;991.33187696669
"2026-07-31 12:02:20";1785492140.405;46.259585910374;991.35143703885
"2026-07-31 12:02:20";1785492140.479;49.300598144531;991.35596720377
"2026-07-31 12:02:20";1785492140.554;52.313395952938;991.35246797338
"2026-07-31 12:02:20";1785492140.628;55.340076870388;991.35057900168
"2026-07-31 12:02:20";1785492140.702;58.338500976562;991.34974161784
"2026-07-31 12:02:20";1785492140.776;61.379386901855;991.34259202745
"2026-07-31 12:02:20";1785492140.851;64.42022535536;991.33219061958
"2026-07-31 12:02:20";1785492140.925;67.419167258522;991.31026266079
"2026-07-31 12:02:20";1785492140.999;70.418249342177;991.23839145236
"2026-07-31 12:02:21";1785492141.074;73.459515041775;991.14701504178
"2026-07-31 12:02:21";1785492141.148;76.500697665744;991.11905585395
"2026-07-31 12:02:21";1785492141.222;79.513517153013;991.09455713896
"2026-07-31 12:02:21";1785492141.296;82.568271906689;991.07386687307
"2026-07-31 12:02:21";1785492141.371;85.538681877984;991.05211215549
"2026-07-31 12:02:21";1785492141.445;88.579322814942;991.02523634169
"2026-07-31 12:02:21";1785492141.519;91.620214674208;991.00705634223
"2026-07-31 12:02:21";1785492141.593;94.647103666055;990.99234764022
"2026-07-31 12:02:21";1785492141.668;97.674045186313;990.98625869573
"2026-07-31 12:02:21";1785492141.742;100.65895589193;990.95628187392
"2026-07-31 12:02:21";1785492141.816;103.69986385769;990.96031188965
"2026-07-31 12:02:21";1785492141.89;106.71266665158;990.96637024542
"2026-07-31 12:02:21";1785492141.965;109.7394732851;990.981265752
"2026-07-31 12:02:22";1785492142.039;112.76638801652;990.95472410213
"2026-07-31 12:02:22";1785492142.113;115.77943844265;990.92991977268
"2026-07-31 12:02:22";1785492142.187;118.82006666395;990.92712232802
"2026-07-31 12:02:22";1785492142.262;121.84640818895;990.90880083797
"2026-07-31 12:02:22";1785492142.336;124.87259561439;990.90176395158
"2026-07-31 12:02:22";1785492142.41;127.88483503649;990.91439973465
"2026-07-31 12:02:22";1785492142.484;130.89738294814;990.89109802246
"2026-07-31 12:02:22";1785492142.559;133.93823326959;991.00167338053
"2026-07-31 12:02:22";1785492142.633;136.97923278809;991.09966532389
"2026-07-31 12:02:22";1785492142.707;140.0200797187;991.20938618978
"2026-07-31 12:02:22";1785492142.782;143.06103006999;991.31546868218
"2026-07-31 12:02:22";1785492142.856;146.08767222395;991.42546281911
"2026-07-31 12:02:22";1785492142.93;149.08642362344;991.54492885824
"2026-07-31 12:02:23";1785492143.004;152.09884474012;991.59265136719
"2026-07-31 12:02:23";1785492143.066;154.63290659586;991.60254923502
"2026-07-31 12:02:23";1785492143.128;157.1671134101;991.62523227268
"2026-07-31 12:02:23";1785492143.202;160.18018377225;991.63983250331
"2026-07-31 12:02:23";1785492143.277;163.23557982782;991.6461378926
"2026-07-31 12:02:23";1785492143.351;166.23453960404;991.66898912076
"2026-07-31 12:02:23";1785492143.425;169.24747297499;991.71784464518
"2026-07-31 12:02:23";1785492143.499;172.28878445095;991.77118428548
"2026-07-31 12:02:23";1785492143.574;175.30179827734;991.80432762022
"2026-07-31 12:02:23";1785492143.648;178.35710406063;991.84923160437
"2026-07-31 12:02:23";1785492143.722;181.38440341549;991.9172767574
"2026-07-31 12:02:23";1785492143.796;184.36917199029;991.97288004557
"2026-07-31 12:02:23";1785492143.871;187.41005452474;992.02570936415
"2026-07-31 12:02:23";1785492143.945;190.45108879937;992.0893995497
"2026-07-31 12:02:24";1785492144.019;193.49227057563;992.15161980523
"2026-07-31 12:02:24";1785492144.093;196.50560170658;992.20742016535
"2026-07-31 12:02:24";1785492144.168;199.50522706003;992.23575908006
"2026-07-31 12:02:24";1785492144.242;202.56130030587;992.23971592
"2026-07-31 12:02:24";1785492144.316;205.57453494602;992.23681810167
"2026-07-31 12:02:24";1785492144.391;208.61587863499;992.24435424805
"2026-07-31 12:02:24";1785492144.465;211.65705278185;992.24809604221
"2026-07-31 12:02:24";1785492144.539;214.68437426018;992.24504228072
"2026-07-31 12:02:24";1785492144.613;217.69809846797;992.25352947529
"2026-07-31 12:02:24";1785492144.688;220.71180563262;992.25872987689
"2026-07-31 12:02:24";1785492144.762;223.73945278592;992.2549065484
"2026-07-31 12:02:24";1785492144.836;226.78148227268;992.23838127984
"2026-07-31 12:02:24";1785492144.91;229.82318200005;992.21901279025
"2026-07-31 12:02:24";1785492144.987;36.165301698627;991.32228597005
"2026-07-31 12:02:25";1785492145.065;39.192058115665;991.32061863612
"2026-07-31 12:02:25";1785492145.143;42.204831441243;991.32914394803
"2026-07-31 12:02:25";1785492145.208;44.739027659098;991.33950805664
"2026-07-31 12:02:25";1785492145.272;47.273273044163;991.35391065809
"2026-07-31 12:02:25";1785492145.35;50.31425052219;991.35758802626
"2026-07-31 12:02:25";1785492145.428;53.327043244333;991.35022832223
"2026-07-31 12:02:25";1785492145.506;56.325423346625;991.35103846078
"2026-07-31 12:02:25";1785492145.584;59.352121141222;991.34875318739
"2026-07-31 12:02:25";1785492145.661;62.393007066515;991.34046088325
"2026-07-31 12:02:25";1785492145.726;64.927043914795;991.32769775391
"2026-07-31 12:02:25";1785492145.791;67.419167258522;991.31026266079
"2026-07-31 12:02:25";1785492145.869;70.418249342177;991.23839145236
"2026-07-31 12:02:25";1785492145.947;73.459515041775;991.14701504178
"2026-07-31 12:02:26";1785492146.025;76.500697665744;991.11905585395
"2026-07-31 12:02:26";1785492146.102;79.513517153013;991.09455713896
"2026-07-31 12:02:26";1785492146.167;82.075570424397;991.07694244385
"2026-07-31 12:02:26";1785492146.232;84.539140335237;991.06015430797
"2026-07-31 12:02:26";1785492146.31;87.565789964464;991.0358903673
"2026-07-31 12:02:26";1785492146.388;90.606575012207;991.00777859158
"2026-07-31 12:02:26";1785492146.466;93.64749399821;990.99958123101
"2026-07-31 12:02:26";1785492146.543;96.660364988337;990.99180549675
"2026-07-31 12:02:26";1785492146.621;99.65930291378;990.96221893002
"2026-07-31 12:02:26";1785492146.686;102.17944081625;990.95502726237
"2026-07-31 12:02:26";1785492146.751;104.71351453993;990.96090867784
"2026-07-31 12:02:26";1785492146.829;107.72630800901;990.9747863153
"2026-07-31 12:02:26";1785492146.907;110.72494098393;990.97622017909
"2026-07-31 12:02:26";1785492146.984;113.78013957631;990.94380898168
"2026-07-31 12:02:27";1785492147.062;116.79303487142;990.92795817058
"2026-07-31 12:02:27";1785492147.14;119.83355119493;990.91893005371
"2026-07-31 12:02:27";1785492147.205;122.34610586455;990.91048061486
"2026-07-31 12:02:27";1785492147.27;124.87259561439;990.90176395158
"2026-07-31 12:02:27";1785492147.348;127.88483503649;990.91439973465
"2026-07-31 12:02:27";1785492147.425;130.89738294814;990.89109802246
"2026-07-31 12:02:27";1785492147.503;133.93823326959;991.00167338053
"2026-07-31 12:02:27";1785492147.581;136.97923278809;991.09966532389
"2026-07-31 12:02:27";1785492147.646;139.51322682699;991.19913991292
"2026-07-31 12:02:27";1785492147.711;142.04740990533;991.27269151476
"2026-07-31 12:02:27";1785492147.789;145.08816697862;991.39062669542
"2026-07-31 12:02:27";1785492147.866;148.07277116872;991.50627140973
"2026-07-31 12:02:27";1785492147.944;151.09941987317;991.58732990303
"2026-07-31 12:02:28";1785492148.022;154.12606896294;991.59991794162
"2026-07-31 12:02:28";1785492148.1;157.1671134101;991.62523227268
"2026-07-31 12:02:28";1785492148.165;159.65922727784;991.63930655526
"2026-07-31 12:02:28";1785492148.23;162.23586866591;991.64372931586
"2026-07-31 12:02:28";1785492148.307;165.23494843169;991.65573539823
"2026-07-31 12:02:28";1785492148.385;168.23371971978;991.70218234592
"2026-07-31 12:02:28";1785492148.463;171.27503034803;991.7521548801
"2026-07-31 12:02:28";1785492148.541;174.30216070618;991.79384404963
"2026-07-31 12:02:28";1785492148.606;176.82939715263;991.82561355982
"2026-07-31 12:02:28";1785492148.671;179.35683579286;991.87002398677
"2026-07-31 12:02:28";1785492148.748;182.38408761073;991.93877326118
"2026-07-31 12:02:28";1785492148.826;185.38277011448;991.98971218533
"2026-07-31 12:02:28";1785492148.904;188.423731486;992.04765658908
"2026-07-31 12:02:28";1785492148.982;191.46477847629;992.10883585612
"2026-07-31 12:02:29";1785492149.06;194.49195376309;992.17205394398
"2026-07-31 12:02:29";1785492149.125;197.01962886712;992.21580720559
"2026-07-31 12:02:29";1785492149.189;199.50522706003;992.23575908006
"2026-07-31 12:02:29";1785492149.267;202.56130030587;992.23971592
"2026-07-31 12:02:29";1785492149.345;205.57453494602;992.23681810167
"2026-07-31 12:02:29";1785492149.423;208.61587863499;992.24435424805
"2026-07-31 12:02:29";1785492149.501;211.65705278185;992.24809604221
"2026-07-31 12:02:29";1785492149.579;214.68437426018;992.24504228072
"2026-07-31 12:02:29";1785492149.643;217.16997841077;992.25202120267
"2026-07-31 12:02:29";1785492149.708;219.72603953969;992.25813817496
"2026-07-31 12:02:29";1785492149.786;222.725505405;992.2566579183
"2026-07-31 12:02:29";1785492149.864;225.76750606961;992.24572075738
"2026-07-31 12:02:29";1785492149.942;228.80929395888;992.22587246365
"2026-07-31 12:02:30";1785492150.02;231.83682921438;992.21371012986
"2026-07-31 12:02:30";1785492150.084;234.36429449228;992.21155919784
"2026-07-31 12:02:30";1785492150.153;89.10966798031;991.54326074774
"2026-07-31 12:02:30";1785492150.232;43.725345611572;991.33480580648
"2026-07-31 12:02:30";1785492150.311;47.780111948649;991.35452016194
"2026-07-31 12:02:30";1785492150.381;51.313812178795;991.35630705862
"2026-07-31 12:02:30";1785492150.45;54.833304723104;991.35018987589
"2026-07-31 12:02:30";1785492150.529;58.84530766805;991.34919865926
"2026-07-31 12:02:30";1785492150.608;62.899811426799;991.33707682292
"2026-07-31 12:02:30";1785492150.678;66.433552905766;991.31803447069
"2026-07-31 12:02:30";1785492150.747;69.911363601684;991.25508244832
"2026-07-31 12:02:30";1785492150.826;73.966386159261;991.14152272542
"2026-07-31 12:02:30";1785492150.895;77.51437971327;991.11026848687
"2026-07-31 12:02:30";1785492150.964;81.040911663384;991.08471815736
"2026-07-31 12:02:31";1785492151.044;85.042430126306;991.0560130495
"2026-07-31 12:02:31";1785492151.123;89.08613840739;991.01943588257
"2026-07-31 12:02:31";1785492151.192;92.633835686578;991.00531344944
"2026-07-31 12:02:31";1785492151.261;96.160577925213;990.99197347681
"2026-07-31 12:02:31";1785492151.341;100.16263857755;990.95999122389
"2026-07-31 12:02:31";1785492151.42;104.20669492086;990.9598681132
"2026-07-31 12:02:31";1785492151.489;107.72630800901;990.9747863153
"2026-07-31 12:02:31";1785492151.558;111.23881987369;990.96877613379
"2026-07-31 12:02:31";1785492151.637;115.28312688885;990.93470983795
"2026-07-31 12:02:31";1785492151.717;119.3268032074;990.92170206706
"2026-07-31 12:02:31";1785492151.786;122.84579555509;990.90753670598
"2026-07-31 12:02:31";1785492151.855;126.37867769717;990.90926442002
"2026-07-31 12:02:31";1785492151.934;130.40113876805;990.89576963945
"2026-07-31 12:02:32";1785492152.003;133.93823326959;991.00167338053
"2026-07-31 12:02:32";1785492152.073;137.48602294922;991.11964289347
"2026-07-31 12:02:32";1785492152.152;141.54057248434;991.25919469198
"2026-07-31 12:02:32";1785492152.231;145.58441566698;991.40864967577
"2026-07-31 12:02:32";1785492152.3;149.08642362344;991.54492885824
"2026-07-31 12:02:32";1785492152.37;152.6056543986;991.59450912476
"2026-07-31 12:02:32";1785492152.449;156.660267512;991.62017822266
"2026-07-31 12:02:32";1785492152.528;160.69410669109;991.64180827641
"2026-07-31 12:02:32";1785492152.597;164.23527765163;991.64793060469
"2026-07-31 12:02:32";1785492152.666;167.73745132215;991.69313234271
"2026-07-31 12:02:32";1785492152.746;171.78190422058;991.76210276286
"2026-07-31 12:02:32";1785492152.825;175.8156876464;991.81020321435
"2026-07-31 12:02:32";1785492152.894;179.35683579286;991.87002398677
"2026-07-31 12:02:32";1785492152.963;182.88036294417;991.94784927368
"2026-07-31 12:02:33";1785492153.042;186.90322176615;992.01649856567
"2026-07-31 12:02:33";1785492153.112;190.45108879937;992.0893995497
"2026-07-31 12:02:33";1785492153.181;193.98858977809;992.16137637514
"2026-07-31 12:02:33";1785492153.26;198.01244917561;992.22503561629
"2026-07-31 12:02:33";1785492153.339;202.04726078238;992.23947423655
"2026-07-31 12:02:33";1785492153.409;205.57453494602;992.23681810167
"2026-07-31 12:02:33";1785492153.478;209.12274233501;992.24352900187
"2026-07-31 12:02:33";1785492153.557;213.17770512898;992.24826812744
"2026-07-31 12:02:33";1785492153.636;217.19110564474;992.25146940538
"2026-07-31 12:02:33";1785492153.705;220.71180563262;992.25872987689
"2026-07-31 12:02:33";1785492153.775;224.2464688619;992.25205485026
"2026-07-31 12:02:33";1785492153.854;228.30235099792;992.22955322265
"2026-07-31 12:02:33";1785492153.933;232.33668375349;992.2146578791
"2026-07-31 12:02:34";1785492154.002;235.86396365696;992.20375307642
"2026-07-31 12:02:34";1785492154.073;190.20557848612;991.9918645223
"2026-07-31 12:02:34";1785492154.154;46.259585910374;991.35143703885
"2026-07-31 12:02:34";1785492154.226;49.300598144531;991.35596720377
"2026-07-31 12:02:34";1785492154.299;52.313395952938;991.35246797338
"2026-07-31 12:02:34";1785492154.371;55.340076870388;991.35057900168
"2026-07-31 12:02:34";1785492154.444;58.338500976562;991.34974161784
"2026-07-31 12:02:34";1785492154.516;61.379386901855;991.34259202745
"2026-07-31 12:02:34";1785492154.589;64.42022535536;991.33219061958
"2026-07-31 12:02:34";1785492154.661;67.419167258522;991.31026266079
"2026-07-31 12:02:34";1785492154.734;70.418249342177;991.23839145236
"2026-07-31 12:02:34";1785492154.806;73.459515041775;991.14701504178
"2026-07-31 12:02:34";1785492154.879;76.500697665744;991.11905585395
"2026-07-31 12:02:34";1785492154.951;79.513517153013;991.09455713896
"2026-07-31 12:02:35";1785492155.036;83.057465755578;991.07061952533
"2026-07-31 12:02:35";1785492155.12;86.552266438802;991.04395209419
"2026-07-31 12:02:35";1785492155.192;89.592917548286;991.01378207737
"2026-07-31 12:02:35";1785492155.265;92.633835686578;991.00531344944
"2026-07-31 12:02:35";1785492155.337;95.6467143061;990.9924311071
"2026-07-31 12:02:35";1785492155.41;98.673691951867;990.97594675392
"2026-07-31 12:02:35";1785492155.482;101.67262776693;990.953157213
"2026-07-31 12:02:35";1785492155.555;104.71351453993;990.96090867784
"2026-07-31 12:02:35";1785492155.627;107.72630800901;990.9747863153
"2026-07-31 12:02:35";1785492155.7;110.72494098393;990.97622017909
"2026-07-31 12:02:35";1785492155.772;113.78013957631;990.94380898168
"2026-07-31 12:02:35";1785492155.845;116.79303487142;990.92795817058
"2026-07-31 12:02:35";1785492155.917;119.83355119493;990.91893005371
"2026-07-31 12:02:35";1785492155.99;122.84579555509;990.90753670598
"2026-07-31 12:02:36";1785492156.062;125.87195024587;990.90455226706
"2026-07-31 12:02:36";1785492156.134;128.89834415107;990.90776216141
"2026-07-31 12:02:36";1785492156.207;131.91099039714;990.91270277235
"2026-07-31 12:02:36";1785492156.291;135.45874341329;991.05314000447
"2026-07-31 12:02:36";1785492156.376;139.00642988417;991.17827351888
"2026-07-31 12:02:36";1785492156.448;142.04740990533;991.27269151476
"2026-07-31 12:02:36";1785492156.521;145.08816697862;991.39062669542
"2026-07-31 12:02:36";1785492156.593;148.07277116872;991.50627140973
"2026-07-31 12:02:36";1785492156.666;151.09941987317;991.58732990303
"2026-07-31 12:02:36";1785492156.738;154.12606896294;991.59991794162
"2026-07-31 12:02:36";1785492156.811;157.1671134101;991.62523227268
"2026-07-31 12:02:36";1785492156.883;160.18018377225;991.63983250331
"2026-07-31 12:02:36";1785492156.956;163.23557982782;991.6461378926
"2026-07-31 12:02:37";1785492157.028;166.23453960404;991.66898912076
"2026-07-31 12:02:37";1785492157.101;169.24747297499;991.71784464518
"2026-07-31 12:02:37";1785492157.173;172.28878445095;991.77118428548
"2026-07-31 12:02:37";1785492157.246;175.30179827734;991.80432762022
"2026-07-31 12:02:37";1785492157.318;178.35710406063;991.84923160437
"2026-07-31 12:02:37";1785492157.39;181.38440341549;991.9172767574
"2026-07-31 12:02:37";1785492157.463;184.36917199029;991.97288004557
"2026-07-31 12:02:37";1785492157.547;187.91689809164;992.03704071045
"2026-07-31 12:02:37";1785492157.632;191.46477847629;992.10883585612
"2026-07-31 12:02:37";1785492157.704;194.49195376309;992.17205394398
"2026-07-31 12:02:37";1785492157.777;197.51955656275;992.22104765115
"2026-07-31 12:02:37";1785492157.849;200.51924700615;992.23808353783
"2026-07-31 12:02:37";1785492157.922;203.56106575089;992.23898284604
"2026-07-31 12:02:37";1785492157.994;206.58831617567;992.23961724175
"2026-07-31 12:02:38";1785492158.067;209.62961917454;992.24313863119
"2026-07-31 12:02:38";1785492158.139;212.67079501682;992.24902852376
"2026-07-31 12:02:38";1785492158.212;215.67013780998;992.24725480513
"2026-07-31 12:02:38";1785492158.284;218.72616369667;992.25621687171
"2026-07-31 12:02:38";1785492158.357;221.71161651612;992.25834655762
"2026-07-31 12:02:38";1785492158.429;224.75346544054;992.25027296278
"2026-07-31 12:02:38";1785492158.502;227.79541863336;992.23262023925
"2026-07-31 12:02:38";1785492158.574;230.83705308702;992.21437920464
"2026-07-31 12:02:38";1785492158.646;233.85035515276;992.21382111473
"2026-07-31 12:02:38";1785492158.719;236.84970940484;992.20132523354
"2026-07-31 12:02:38";1785492158.803;240.38410695394;992.22565333048
"2026-07-31 12:02:38";1785492158.888;243.91866233132;992.25960610129
"2026-07-31 12:02:38";1785492158.95;49.807432810465;991.35844421386
"2026-07-31 12:02:39";1785492159.014;52.313395952938;991.35246797338
"2026-07-31 12:02:39";1785492159.09;55.340076870388;991.35057900168
"2026-07-31 12:02:39";1785492159.166;58.338500976562;991.34974161784
"2026-07-31 12:02:39";1785492159.242;61.379386901855;991.34259202745
"2026-07-31 12:02:39";1785492159.318;64.42022535536;991.33219061958
"2026-07-31 12:02:39";1785492159.394;67.419167258522;991.31026266079
"2026-07-31 12:02:39";1785492159.47;70.418249342177;991.23839145236
"2026-07-31 12:02:39";1785492159.546;73.459515041775;991.14701504178
"2026-07-31 12:02:39";1785492159.622;76.500697665744;991.11905585395
"2026-07-31 12:02:39";1785492159.698;79.513517153013;991.09455713896
"2026-07-31 12:02:39";1785492159.774;82.568271906689;991.07386687307
"2026-07-31 12:02:39";1785492159.838;85.03187306722;991.0563735962
"2026-07-31 12:02:39";1785492159.901;87.565789964464;991.0358903673
"2026-07-31 12:02:39";1785492159.977;90.606575012207;991.00777859158
"2026-07-31 12:02:40";1785492160.053;93.64749399821;990.99958123101
"2026-07-31 12:02:40";1785492160.129;96.660364988337;990.99180549675
"2026-07-31 12:02:40";1785492160.205;99.65930291378;990.96221893002
"2026-07-31 12:02:40";1785492160.282;102.68624199761;990.9562564426
"2026-07-31 12:02:40";1785492160.358;105.71310902605;990.96373217033
"2026-07-31 12:02:40";1785492160.434;108.73991422498;990.98135221848
"2026-07-31 12:02:40";1785492160.51;111.73861100938;990.96274051503
"2026-07-31 12:02:40";1785492160.586;114.77982253258;990.93748088798
"2026-07-31 12:02:40";1785492160.649;117.29979960123;990.92820739747
"2026-07-31 12:02:40";1785492160.713;119.83355119493;990.91893005371
"2026-07-31 12:02:40";1785492160.789;122.84579555509;990.90753670598
"2026-07-31 12:02:40";1785492160.865;125.87195024587;990.90455226706
"2026-07-31 12:02:40";1785492160.941;128.89834415107;990.90776216141
"2026-07-31 12:02:41";1785492161.017;131.91099039714;990.91270277235
"2026-07-31 12:02:41";1785492161.093;134.95191362169;991.03666178385
"2026-07-31 12:02:41";1785492161.169;137.99282073975;991.13956366645
"2026-07-31 12:02:41";1785492161.245;141.0337515937;991.24120246039
"2026-07-31 12:02:41";1785492161.321;144.07460869683;991.35527886285
"2026-07-31 12:02:41";1785492161.397;147.07315602929;991.46206695865
"2026-07-31 12:02:41";1785492161.473;150.09999885944;991.57314235921
"2026-07-31 12:02:41";1785492161.537;152.6056060791;991.59452311198
"2026-07-31 12:02:41";1785492161.6;155.13973151313;991.60636901855
"2026-07-31 12:02:41";1785492161.676;158.16678049107;991.63465742631
"2026-07-31 12:02:41";1785492161.752;161.2080147246;991.64164968637
"2026-07-31 12:02:41";1785492161.829;164.23527765163;991.64793060469
"2026-07-31 12:02:41";1785492161.905;167.23411529233;991.68561885333
"2026-07-31 12:02:41";1785492161.981;170.26125590006;991.73422410753
"2026-07-31 12:02:42";1785492162.057;173.30251227485;991.7844780816
"2026-07-31 12:02:42";1785492162.133;176.3155074516;991.8162633841
"2026-07-31 12:02:42";1785492162.209;179.35683579286;991.87002398677
"2026-07-31 12:02:42";1785492162.285;182.38408761073;991.93877326118
"2026-07-31 12:02:42";1785492162.348;184.87595621745;991.98197174073
"2026-07-31 12:02:42";1785492162.412;187.41005452474;992.02570936415
"2026-07-31 12:02:42";1785492162.488;190.45108879937;992.0893995497
"2026-07-31 12:02:42";1785492162.564;193.49227057563;992.15161980523
"2026-07-31 12:02:42";1785492162.64;196.50560170658;992.20742016535
"2026-07-31 12:02:42";1785492162.716;199.50522706003;992.23575908006
"2026-07-31 12:02:42";1785492162.792;202.56130030587;992.23971592
"2026-07-31 12:02:42";1785492162.868;205.57453494602;992.23681810167
"2026-07-31 12:02:42";1785492162.944;208.61587863499;992.24435424805
"2026-07-31 12:02:43";1785492163.02;211.65705278185;992.24809604221
"2026-07-31 12:02:43";1785492163.096;214.68437426018;992.24504228072
"2026-07-31 12:02:43";1785492163.173;217.69809846797;992.25352947529
"2026-07-31 12:02:43";1785492163.236;220.21189001835;992.25893425219
"2026-07-31 12:02:43";1785492163.299;222.725505405;992.2566579183
"2026-07-31 12:02:43";1785492163.375;225.76750606961;992.24572075738
"2026-07-31 12:02:43";1785492163.452;228.80929395888;992.22587246365
"2026-07-31 12:02:43";1785492163.528;231.83682921438;992.21371012986
"2026-07-31 12:02:43";1785492163.604;234.8641703679;992.20948946819
"2026-07-31 12:02:43";1785492163.68;237.84953138563;992.20390319824
"2026-07-31 12:02:43";1785492163.756;240.89101325141;992.22984313965
"2026-07-31 12:02:43";1785492163.832;243.91866233132;992.25960610129
"2026-07-31 12:02:43";1785492163.908;246.94640501507;992.29312194255
"2026-07-31 12:02:43";1785492163.984;184.40615759955;991.9917517768
"2026-07-31 12:02:44";1785492164.06;56.325423346625;991.35103846078
"2026-07-31 12:02:44";1785492164.123;58.845317840576;991.34934488933
"2026-07-31 12:02:44";1785492164.186;61.379386901855;991.34259202745
"2026-07-31 12:02:44";1785492164.262;64.42022535536;991.33219061958
"2026-07-31 12:02:44";1785492164.337;67.419167258522;991.31026266079
"2026-07-31 12:02:44";1785492164.413;70.418249342177;991.23839145236
"2026-07-31 12:02:44";1785492164.489;73.459515041775;991.14701504178
"2026-07-31 12:02:44";1785492164.564;76.500697665744;991.11905585395
"2026-07-31 12:02:44";1785492164.64;79.513517153013;991.09455713896
"2026-07-31 12:02:44";1785492164.716;82.568271906689;991.07386687307
"2026-07-31 12:02:44";1785492164.791;85.538681877984;991.05211215549
"2026-07-31 12:02:44";1785492164.867;88.579322814942;991.02523634169
"2026-07-31 12:02:44";1785492164.943;91.620214674208;991.00705634223
"2026-07-31 12:02:45";1785492165.018;94.647103666055;990.99234764022
"2026-07-31 12:02:45";1785492165.094;97.674045186313;990.98625869573
"2026-07-31 12:02:45";1785492165.157;100.15211105346;990.95776875814
"2026-07-31 12:02:45";1785492165.22;102.68624199761;990.9562564426
"2026-07-31 12:02:45";1785492165.296;105.71310902605;990.96373217033
"2026-07-31 12:02:45";1785492165.372;108.73991422498;990.98135221848
"2026-07-31 12:02:45";1785492165.447;111.73861100938;990.96274051503
"2026-07-31 12:02:45";1785492165.523;114.77982253258;990.93748088798
"2026-07-31 12:02:45";1785492165.599;117.80656687418;990.92927212186
"2026-07-31 12:02:45";1785492165.674;120.84699503581;990.91162618001
"2026-07-31 12:02:45";1785492165.75;123.85921226922;990.90503765542
"2026-07-31 12:02:45";1785492165.826;126.87134256785;990.91168829408
"2026-07-31 12:02:45";1785492165.901;129.8978472623;990.88794268984
"2026-07-31 12:02:45";1785492165.977;132.92461140951;990.96099005805
"2026-07-31 12:02:46";1785492166.053;135.96558041043;991.06791856554
"2026-07-31 12:02:46";1785492166.128;139.00642988417;991.17827351888
"2026-07-31 12:02:46";1785492166.191;141.54059727987;991.25245157877
"2026-07-31 12:02:46";1785492166.254;144.07460869683;991.35527886285
"2026-07-31 12:02:46";1785492166.33;147.07315602929;991.46206695865
"2026-07-31 12:02:46";1785492166.406;150.09999885944;991.57314235921
"2026-07-31 12:02:46";1785492166.481;153.11243184407;991.59637620714
"2026-07-31 12:02:46";1785492166.557;156.15341356066;991.61584981282
"2026-07-31 12:02:46";1785492166.633;159.16642797391;991.63725885422
"2026-07-31 12:02:46";1785492166.709;162.23586866591;991.64372931586
"2026-07-31 12:02:46";1785492166.784;165.23494843169;991.65573539823
"2026-07-31 12:02:46";1785492166.86;168.23371971978;991.70218234592
"2026-07-31 12:02:46";1785492166.936;171.27503034803;991.7521548801
"2026-07-31 12:02:47";1785492167.011;174.30216070618;991.79384404963
"2026-07-31 12:02:47";1785492167.087;177.34332484058;991.83387834598
"2026-07-31 12:02:47";1785492167.163;180.37063906299;991.89359881587
"2026-07-31 12:02:47";1785492167.226;182.86983640266;991.94759368897
"2026-07-31 12:02:47";1785492167.289;185.38277011448;991.98971218533
"2026-07-31 12:02:47";1785492167.364;188.423731486;992.04765658908
"2026-07-31 12:02:47";1785492167.44;191.46477847629;992.10883585612
"2026-07-31 12:02:47";1785492167.516;194.49195376309;992.17205394398
"2026-07-31 12:02:47";1785492167.591;197.51955656275;992.22104765115
"2026-07-31 12:02:47";1785492167.667;200.51924700615;992.23808353783
"2026-07-31 12:02:47";1785492167.743;203.56106575089;992.23898284604
"2026-07-31 12:02:47";1785492167.818;206.58831617567;992.23961724175
"2026-07-31 12:02:47";1785492167.894;209.62961917454;992.24313863119
"2026-07-31 12:02:47";1785492167.97;212.67079501682;992.24902852376
"2026-07-31 12:02:48";1785492168.045;215.67013780998;992.24725480513
"2026-07-31 12:02:48";1785492168.121;218.72616369667;992.25621687171
"2026-07-31 12:02:48";1785492168.197;221.71161651612;992.25834655762
"2026-07-31 12:02:48";1785492168.26;224.24643961588;992.25365956625
"2026-07-31 12:02:48";1785492168.323;226.78148227268;992.23838127984
"2026-07-31 12:02:48";1785492168.399;229.82318200005;992.21901279025
"2026-07-31 12:02:48";1785492168.474;232.83655442576;992.2160539842
"2026-07-31 12:02:48";1785492168.55;235.86396365696;992.20375307642
"2026-07-31 12:02:48";1785492168.626;238.86337534586;992.21067810058
"2026-07-31 12:02:48";1785492168.701;241.90490129259;992.23872375488
"2026-07-31 12:02:48";1785492168.777;244.91852304596;992.27074253939
"2026-07-31 12:02:48";1785492168.853;247.94622640899;992.30395307444
"2026-07-31 12:02:48";1785492168.928;250.97388040917;992.30619699379
"2026-07-31 12:02:49";1785492169.004;253.98747253418;992.312274509
"2026-07-31 12:02:49";1785492169.08;60.365757412381;991.34693739149
"2026-07-31 12:02:49";1785492169.157;63.406611972385;991.33618672689
"2026-07-31 12:02:49";1785492169.22;65.940737406412;991.32051595053
"2026-07-31 12:02:49";1785492169.284;68.404773981884;991.29800815775
"2026-07-31 12:02:49";1785492169.36;71.43202718099;991.20302157932
"2026-07-31 12:02:49";1785492169.437;74.473259819879;991.1321343316
"2026-07-31 12:02:49";1785492169.513;77.51437971327;991.11026848687
"2026-07-31 12:02:49";1785492169.589;80.527101713831;991.08908092911
"2026-07-31 12:02:49";1785492169.666;83.553687895187;991.06674101858
"2026-07-31 12:02:49";1785492169.742;86.552266438802;991.04395209419
"2026-07-31 12:02:49";1785492169.819;89.592917548286;991.01378207737
"2026-07-31 12:02:49";1785492169.895;92.633835686578;991.00531344944
"2026-07-31 12:02:49";1785492169.959;95.146931388162;990.99011854692
"2026-07-31 12:02:50";1785492170.022;97.674045186313;990.98625869573
"2026-07-31 12:02:50";1785492170.099;100.65895589193;990.95628187392
"2026-07-31 12:02:50";1785492170.175;103.69986385769;990.96031188965
"2026-07-31 12:02:50";1785492170.251;106.71266665158;990.96637024542
"2026-07-31 12:02:50";1785492170.328;109.7394732851;990.981265752
"2026-07-31 12:02:50";1785492170.404;112.76638801652;990.95472410213
"2026-07-31 12:02:50";1785492170.481;115.77943844265;990.92991977268
"2026-07-31 12:02:50";1785492170.557;118.82006666395;990.92712232802
"2026-07-31 12:02:50";1785492170.633;121.84640818895;990.90880083797
"2026-07-31 12:02:50";1785492170.697;124.37292901064;990.90182084304
"2026-07-31 12:02:50";1785492170.761;126.87134256785;990.91168829408
"2026-07-31 12:02:50";1785492170.837;129.8978472623;990.88794268984
"2026-07-31 12:02:50";1785492170.913;132.92461140951;990.96099005805
"2026-07-31 12:02:50";1785492170.99;135.96558041043;991.06791856554
"2026-07-31 12:02:51";1785492171.066;139.00642988417;991.17827351888
"2026-07-31 12:02:51";1785492171.142;142.04740990533;991.27269151476
"2026-07-31 12:02:51";1785492171.219;145.08816697862;991.39062669542
"2026-07-31 12:02:51";1785492171.295;148.07277116872;991.50627140973
"2026-07-31 12:02:51";1785492171.372;151.09941987317;991.58732990303
"2026-07-31 12:02:51";1785492171.435;153.61923853556;991.59736887614
"2026-07-31 12:02:51";1785492171.499;156.15341356066;991.61584981282
"2026-07-31 12:02:51";1785492171.575;159.16642797391;991.63725885422
"2026-07-31 12:02:51";1785492171.652;162.23586866591;991.64372931586
"2026-07-31 12:02:51";1785492171.728;165.23494843169;991.65573539823
"2026-07-31 12:02:51";1785492171.804;168.23371971978;991.70218234592
"2026-07-31 12:02:51";1785492171.881;171.27503034803;991.7521548801
"2026-07-31 12:02:51";1785492171.957;174.30216070618;991.79384404963
"2026-07-31 12:02:52";1785492172.034;177.34332484058;991.83387834598
"2026-07-31 12:02:52";1785492172.11;180.37063906299;991.89359881587
"2026-07-31 12:02:52";1785492172.186;183.36962058327;991.95675489638
"2026-07-31 12:02:52";1785492172.25;185.88956069946;991.9970296224
"2026-07-31 12:02:52";1785492172.314;188.423731486;992.04765658908
"2026-07-31 12:02:52";1785492172.39;191.46477847629;992.10883585612
"2026-07-31 12:02:52";1785492172.466;194.49195376309;992.17205394398
"2026-07-31 12:02:52";1785492172.543;197.51955656275;992.22104765115
"2026-07-31 12:02:52";1785492172.619;200.51924700615;992.23808353783
"2026-07-31 12:02:52";1785492172.696;203.56106575089;992.23898284604
"2026-07-31 12:02:52";1785492172.772;206.58831617567;992.23961724175
"2026-07-31 12:02:52";1785492172.848;209.62961917454;992.24313863119
"2026-07-31 12:02:52";1785492172.925;212.67079501682;992.24902852376
"2026-07-31 12:02:52";1785492172.988;215.18428132028;992.24563806707
"2026-07-31 12:02:53";1785492173.052;217.69809846797;992.25352947529
"2026-07-31 12:02:53";1785492173.128;220.71180563262;992.25872987689
"2026-07-31 12:02:53";1785492173.205;223.73945278592;992.2549065484
"2026-07-31 12:02:53";1785492173.281;226.78148227268;992.23838127984
"2026-07-31 12:02:53";1785492173.358;229.82318200005;992.21901279025
"2026-07-31 12:02:53";1785492173.434;232.83655442576;992.2160539842
"2026-07-31 12:02:53";1785492173.51;235.86396365696;992.20375307642
"2026-07-31 12:02:53";1785492173.587;238.86337534586;992.21067810058
"2026-07-31 12:02:53";1785492173.663;241.90490129259;992.23872375488
"2026-07-31 12:02:53";1785492173.727;244.41858187588;992.26577989983
"2026-07-31 12:02:53";1785492173.79;246.94640501507;992.29312194255
"2026-07-31 12:02:53";1785492173.867;249.94587290185;992.31078788562
"2026-07-31 12:02:53";1785492173.943;252.98763190375;992.30707326561
"2026-07-31 12:02:54";1785492174.02;256.01538170709;992.32661268446
"2026-07-31 12:02:54";1785492174.096;259.04338482173;992.37326743386
"2026-07-31 12:02:54";1785492174.171;65.433899773492;991.32265218099
"2026-07-31 12:02:54";1785492174.246;68.404773981884;991.29800815775
"2026-07-31 12:02:54";1785492174.32;71.43202718099;991.20302157932
"2026-07-31 12:02:54";1785492174.395;74.473259819879;991.1321343316
"2026-07-31 12:02:54";1785492174.469;77.51437971327;991.11026848687
"2026-07-31 12:02:54";1785492174.544;80.527101713831;991.08908092911
"2026-07-31 12:02:54";1785492174.618;83.553687895187;991.06674101858
"2026-07-31 12:02:54";1785492174.693;86.552266438802;991.04395209419
"2026-07-31 12:02:54";1785492174.767;89.592917548286;991.01378207737
"2026-07-31 12:02:54";1785492174.842;92.633835686578;991.00531344944
"2026-07-31 12:02:54";1785492174.916;95.6467143061;990.9924311071
"2026-07-31 12:02:54";1785492174.991;98.673691951867;990.97594675392
"2026-07-31 12:02:55";1785492175.065;101.67262776693;990.953157213
"2026-07-31 12:02:55";1785492175.14;104.71351453993;990.96090867784
"2026-07-31 12:02:55";1785492175.215;107.72630800901;990.9747863153
"2026-07-31 12:02:55";1785492175.289;110.72494098393;990.97622017909
"2026-07-31 12:02:55";1785492175.364;113.78013957631;990.94380898168
"2026-07-31 12:02:55";1785492175.426;116.28627268473;990.92692820231
"2026-07-31 12:02:55";1785492175.488;118.82006666395;990.92712232802
"2026-07-31 12:02:55";1785492175.562;121.84640818895;990.90880083797
"2026-07-31 12:02:55";1785492175.637;124.87259561439;990.90176395158
"2026-07-31 12:02:55";1785492175.711;127.88483503649;990.91439973465
"2026-07-31 12:02:55";1785492175.786;130.89738294814;990.89109802246
"2026-07-31 12:02:55";1785492175.86;133.93823326959;991.00167338053
"2026-07-31 12:02:55";1785492175.935;136.97923278809;991.09966532389
"2026-07-31 12:02:56";1785492176.01;140.0200797187;991.20938618978
"2026-07-31 12:02:56";1785492176.084;143.06103006999;991.31546868218
"2026-07-31 12:02:56";1785492176.159;146.08767222395;991.42546281911
"2026-07-31 12:02:56";1785492176.233;149.08642362344;991.54492885824
"2026-07-31 12:02:56";1785492176.308;152.09884474012;991.59265136719
"2026-07-31 12:02:56";1785492176.382;155.13973151313;991.60636901855
"2026-07-31 12:02:56";1785492176.457;158.16678049107;991.63465742631
"2026-07-31 12:02:56";1785492176.531;161.2080147246;991.64164968637
"2026-07-31 12:02:56";1785492176.606;164.23527765163;991.64793060469
"2026-07-31 12:02:56";1785492176.68;167.23411529233;991.68561885333
"2026-07-31 12:02:56";1785492176.755;170.26125590006;991.73422410753
"2026-07-31 12:02:56";1785492176.829;173.30251227485;991.7844780816
"2026-07-31 12:02:56";1785492176.904;176.3155074516;991.8162633841
"2026-07-31 12:02:56";1785492176.979;179.35683579286;991.87002398677
"2026-07-31 12:02:57";1785492177.053;182.38408761073;991.93877326118
"2026-07-31 12:02:57";1785492177.128;185.38277011448;991.98971218533
"2026-07-31 12:02:57";1785492177.202;188.423731486;992.04765658908
"2026-07-31 12:02:57";1785492177.277;191.46477847629;992.10883585612
"2026-07-31 12:02:57";1785492177.351;194.49195376309;992.17205394398
"2026-07-31 12:02:57";1785492177.426;197.51955656275;992.22104765115
"2026-07-31 12:02:57";1785492177.5;200.51924700615;992.23808353783
"2026-07-31 12:02:57";1785492177.575;203.56106575089;992.23898284604
"2026-07-31 12:02:57";1785492177.649;206.58831617567;992.23961724175
"2026-07-31 12:02:57";1785492177.724;209.62961917454;992.24313863119
"2026-07-31 12:02:57";1785492177.798;212.67079501682;992.24902852376
"2026-07-31 12:02:57";1785492177.873;215.67013780998;992.24725480513
"2026-07-31 12:02:57";1785492177.947;218.72616369667;992.25621687171
"2026-07-31 12:02:58";1785492178.022;221.71161651612;992.25834655762
"2026-07-31 12:02:58";1785492178.097;224.75346544054;992.25027296278
"2026-07-31 12:02:58";1785492178.171;227.79541863336;992.23262023925
"2026-07-31 12:02:58";1785492178.233;230.33010991414;992.21541086832
"2026-07-31 12:02:58";1785492178.295;232.83655442576;992.2160539842
"2026-07-31 12:02:58";1785492178.37;235.86396365696;992.20375307642
"2026-07-31 12:02:58";1785492178.444;238.86337534586;992.21067810058
"2026-07-31 12:02:58";1785492178.519;241.90490129259;992.23872375488
"2026-07-31 12:02:58";1785492178.593;244.91852304596;992.27074253939
"2026-07-31 12:02:58";1785492178.668;247.94622640899;992.30395307444
"2026-07-31 12:02:58";1785492178.742;250.97388040917;992.30619699379
"2026-07-31 12:02:58";1785492178.817;253.98747253418;992.312274509
"2026-07-31 12:02:58";1785492178.892;257.02939520942;992.34388224284
"2026-07-31 12:02:58";1785492178.966;260.02923059945;992.37877755213
"2026-07-31 12:02:59";1785492179.041;263.08528463249;992.39884961772
"2026-07-31 12:02:59";1785492179.115;134.95985073513;991.64577907986
"2026-07-31 12:02:59";1785492179.191;72.445779588488;991.17104424371
"2026-07-31 12:02:59";1785492179.266;75.486983405219;991.12459309896
"2026-07-31 12:02:59";1785492179.342;78.513969113128;991.10330616344
"2026-07-31 12:02:59";1785492179.417;81.554725516555;991.08039621206
"2026-07-31 12:02:59";1785492179.492;84.539140335237;991.06015430797
"2026-07-31 12:02:59";1785492179.568;87.565789964464;991.0358903673
"2026-07-31 12:02:59";1785492179.643;90.606575012207;991.00777859158
"2026-07-31 12:02:59";1785492179.719;93.64749399821;990.99958123101
"2026-07-31 12:02:59";1785492179.794;96.660364988337;990.99180549675
"2026-07-31 12:02:59";1785492179.87;99.65930291378;990.96221893002
"2026-07-31 12:02:59";1785492179.932;102.17944081625;990.95502726237
"2026-07-31 12:02:59";1785492179.995;104.71351453993;990.96090867784
"2026-07-31 12:03:00";1785492180.071;107.72630800901;990.9747863153
"2026-07-31 12:03:00";1785492180.146;110.72494098393;990.97622017909
"2026-07-31 12:03:00";1785492180.221;113.78013957631;990.94380898168
"2026-07-31 12:03:00";1785492180.297;116.79303487142;990.92795817058
"2026-07-31 12:03:00";1785492180.372;119.83355119493;990.91893005371
"2026-07-31 12:03:00";1785492180.448;122.84579555509;990.90753670598
"2026-07-31 12:03:00";1785492180.523;125.87195024587;990.90455226706
"2026-07-31 12:03:00";1785492180.598;128.89834415107;990.90776216141
"2026-07-31 12:03:00";1785492180.674;131.91099039714;990.91270277235
"2026-07-31 12:03:00";1785492180.749;134.95191362169;991.03666178385
"2026-07-31 12:03:00";1785492180.825;137.99282073975;991.13956366645
"2026-07-31 12:03:00";1785492180.9;141.0337515937;991.24120246039
"2026-07-31 12:03:00";1785492180.975;144.07460869683;991.35527886285
"2026-07-31 12:03:01";1785492181.051;147.07315602929;991.46206695865
"2026-07-31 12:03:01";1785492181.126;150.09999885944;991.57314235921
"2026-07-31 12:03:01";1785492181.189;152.6056060791;991.59452311198
"2026-07-31 12:03:01";1785492181.252;155.13973151313;991.60636901855
"2026-07-31 12:03:01";1785492181.327;158.16678049107;991.63465742631
"2026-07-31 12:03:01";1785492181.403;161.2080147246;991.64164968637
"2026-07-31 12:03:01";1785492181.478;164.23527765163;991.64793060469
"2026-07-31 12:03:01";1785492181.554;167.23411529233;991.68561885333
"2026-07-31 12:03:01";1785492181.629;170.26125590006;991.73422410753
"2026-07-31 12:03:01";1785492181.704;173.30251227485;991.7844780816
"2026-07-31 12:03:01";1785492181.78;176.3155074516;991.8162633841
"2026-07-31 12:03:01";1785492181.855;179.35683579286;991.87002398677
"2026-07-31 12:03:01";1785492181.931;182.38408761073;991.93877326118
"2026-07-31 12:03:02";1785492182.006;185.38277011448;991.98971218533
"2026-07-31 12:03:02";1785492182.081;188.423731486;992.04765658908
"2026-07-31 12:03:02";1785492182.157;191.46477847629;992.10883585612
"2026-07-31 12:03:02";1785492182.232;194.49195376309;992.17205394398
"2026-07-31 12:03:02";1785492182.308;197.51955656275;992.22104765115
"2026-07-31 12:03:02";1785492182.37;199.99813461304;992.23787434896
"2026-07-31 12:03:02";1785492182.433;202.56130030587;992.23971592
"2026-07-31 12:03:02";1785492182.509;205.57453494602;992.23681810167
"2026-07-31 12:03:02";1785492182.584;208.61587863499;992.24435424805
"2026-07-31 12:03:02";1785492182.66;211.65705278185;992.24809604221
"2026-07-31 12:03:02";1785492182.735;214.68437426018;992.24504228072
"2026-07-31 12:03:02";1785492182.81;217.69809846797;992.25352947529
"2026-07-31 12:03:02";1785492182.886;220.71180563262;992.25872987689
"2026-07-31 12:03:02";1785492182.961;223.73945278592;992.2549065484
"2026-07-31 12:03:03";1785492183.037;226.78148227268;992.23838127984
"2026-07-31 12:03:03";1785492183.112;229.82318200005;992.21901279025
"2026-07-31 12:03:03";1785492183.187;232.83655442576;992.2160539842
"2026-07-31 12:03:03";1785492183.263;235.86396365696;992.20375307642
"2026-07-31 12:03:03";1785492183.338;238.86337534586;992.21067810058
"2026-07-31 12:03:03";1785492183.414;241.90490129259;992.23872375488
"2026-07-31 12:03:03";1785492183.489;244.91852304596;992.27074253939
"2026-07-31 12:03:03";1785492183.564;247.94622640899;992.30395307444
"2026-07-31 12:03:03";1785492183.627;250.45987456884;992.30960122133
"2026-07-31 12:03:03";1785492183.69;252.98763190375;992.30707326561
"2026-07-31 12:03:03";1785492183.765;256.01538170709;992.32661268446
"2026-07-31 12:03:03";1785492183.841;259.04338482173;992.37326743386
"2026-07-31 12:03:03";1785492183.916;262.05721354688;992.3901317629
"2026-07-31 12:03:03";1785492183.992;265.07091861301;992.42085605198
"2026-07-31 12:03:04";1785492184.067;268.0986328125;992.44711642795
"2026-07-31 12:03:04";1785492184.143;140.02891201443;991.57090250651
"2026-07-31 12:03:04";1785492184.221;77.51437971327;991.11026848687
"2026-07-31 12:03:04";1785492184.3;80.527101713831;991.08908092911
"2026-07-31 12:03:04";1785492184.365;83.068008191657;991.06967278683
"2026-07-31 12:03:04";1785492184.43;85.538681877984;991.05211215549
"2026-07-31 12:03:04";1785492184.508;88.579322814942;991.02523634169
"2026-07-31 12:03:04";1785492184.586;91.620214674208;991.00705634223
"2026-07-31 12:03:04";1785492184.664;94.647103666055;990.99234764022
"2026-07-31 12:03:04";1785492184.742;97.674045186313;990.98625869573
"2026-07-31 12:03:04";1785492184.807;100.15211105346;990.95776875814
"2026-07-31 12:03:04";1785492184.872;102.68624199761;990.9562564426
"2026-07-31 12:03:04";1785492184.95;105.71310902605;990.96373217033
"2026-07-31 12:03:05";1785492185.028;108.73991422498;990.98135221848
"2026-07-31 12:03:05";1785492185.106;111.73861100938;990.96274051503
"2026-07-31 12:03:05";1785492185.184;114.77982253258;990.93748088798
"2026-07-31 12:03:05";1785492185.262;117.80656687418;990.92927212186
"2026-07-31 12:03:05";1785492185.327;120.34027608236;990.91269429525
"2026-07-31 12:03:05";1785492185.392;122.84579555509;990.90753670598
"2026-07-31 12:03:05";1785492185.47;125.87195024587;990.90455226706
"2026-07-31 12:03:05";1785492185.549;128.89834415107;990.90776216141
"2026-07-31 12:03:05";1785492185.627;131.91099039714;990.91270277235
"2026-07-31 12:03:05";1785492185.705;134.95191362169;991.03666178385
"2026-07-31 12:03:05";1785492185.77;137.48603439331;991.11955769857
"2026-07-31 12:03:05";1785492185.835;140.0200797187;991.20938618978
"2026-07-31 12:03:05";1785492185.913;143.06103006999;991.31546868218
"2026-07-31 12:03:05";1785492185.991;146.08767222395;991.42546281911
"2026-07-31 12:03:06";1785492186.069;149.08642362344;991.54492885824
"2026-07-31 12:03:06";1785492186.147;152.09884474012;991.59265136719
"2026-07-31 12:03:06";1785492186.212;154.63290659586;991.60254923502
"2026-07-31 12:03:06";1785492186.277;157.1671134101;991.62523227268
"2026-07-31 12:03:06";1785492186.355;160.18018377225;991.63983250331
"2026-07-31 12:03:06";1785492186.433;163.23557982782;991.6461378926
"2026-07-31 12:03:06";1785492186.511;166.23453960404;991.66898912076
"2026-07-31 12:03:06";1785492186.589;169.24747297499;991.71784464518
"2026-07-31 12:03:06";1785492186.654;171.78191375732;991.76080322265
"2026-07-31 12:03:06";1785492186.719;174.30216070618;991.79384404963
"2026-07-31 12:03:06";1785492186.798;177.34332484058;991.83387834598
"2026-07-31 12:03:06";1785492186.876;180.37063906299;991.89359881587
"2026-07-31 12:03:06";1785492186.954;183.36962058327;991.95675489638
"2026-07-31 12:03:07";1785492187.032;186.39639112685;992.0060289171
"2026-07-31 12:03:07";1785492187.11;189.43741183811;992.0688035753
"2026-07-31 12:03:07";1785492187.175;191.97162119547;992.11951955159
"2026-07-31 12:03:07";1785492187.24;194.49195376309;992.17205394398
"2026-07-31 12:03:07";1785492187.318;197.51955656275;992.22104765115
"2026-07-31 12:03:07";1785492187.396;200.51924700615;992.23808353783
"2026-07-31 12:03:07";1785492187.474;203.56106575089;992.23898284604
"2026-07-31 12:03:07";1785492187.552;206.58831617567;992.23961724175
"2026-07-31 12:03:07";1785492187.617;209.12276204428;992.2441813151
"2026-07-31 12:03:07";1785492187.682;211.65705278185;992.24809604221
"2026-07-31 12:03:07";1785492187.76;214.68437426018;992.24504228072
"2026-07-31 12:03:07";1785492187.838;217.69809846797;992.25352947529
"2026-07-31 12:03:07";1785492187.916;220.71180563262;992.25872987689
"2026-07-31 12:03:07";1785492187.994;223.73945278592;992.2549065484
"2026-07-31 12:03:08";1785492188.06;226.27451960246;992.24204762777
"2026-07-31 12:03:08";1785492188.125;228.80929395888;992.22587246365
"2026-07-31 12:03:08";1785492188.203;231.83682921438;992.21371012986
"2026-07-31 12:03:08";1785492188.281;234.8641703679;992.20948946819
"2026-07-31 12:03:08";1785492188.359;237.84953138563;992.20390319824
"2026-07-31 12:03:08";1785492188.437;240.89101325141;992.22984313965
"2026-07-31 12:03:08";1785492188.502;243.42576599121;992.25516510009
"2026-07-31 12:03:08";1785492188.567;245.93248992422;992.28069296528
"2026-07-31 12:03:08";1785492188.645;248.93194842098;992.31062455611
"2026-07-31 12:03:08";1785492188.723;251.98780151106;992.30532893823
"2026-07-31 12:03:08";1785492188.801;255.00139957004;992.31734720866
"2026-07-31 12:03:08";1785492188.879;258.04345533583;992.36034647624
"2026-07-31 12:03:08";1785492188.944;260.51509579745;992.38069430264
"2026-07-31 12:03:09";1785492189.009;263.08528463249;992.39884961772
"2026-07-31 12:03:09";1785492189.087;266.07073889838;992.43058607314
"2026-07-31 12:03:09";1785492189.165;269.11257341173;992.4533911811
"2026-07-31 12:03:09";1785492189.243;272.15433163113;992.46011013455
"2026-07-31 12:03:09";1785492189.321;209.62600338098;992.01550709118
"2026-07-31 12:03:09";1785492189.395;81.554725516555;991.08039621206
"2026-07-31 12:03:09";1785492189.468;84.539140335237;991.06015430797
"2026-07-31 12:03:09";1785492189.541;87.565789964464;991.0358903673
"2026-07-31 12:03:09";1785492189.614;90.606575012207;991.00777859158
"2026-07-31 12:03:09";1785492189.688;93.64749399821;990.99958123101
"2026-07-31 12:03:09";1785492189.761;96.660364988337;990.99180549675
"2026-07-31 12:03:09";1785492189.834;99.65930291378;990.96221893002
"2026-07-31 12:03:09";1785492189.907;102.68624199761;990.9562564426
"2026-07-31 12:03:09";1785492189.981;105.71310902605;990.96373217033
"2026-07-31 12:03:10";1785492190.054;108.73991422498;990.98135221848
"2026-07-31 12:03:10";1785492190.127;111.73861100938;990.96274051503
"2026-07-31 12:03:10";1785492190.2;114.77982253258;990.93748088798
"2026-07-31 12:03:10";1785492190.274;117.80656687418;990.92927212186
"2026-07-31 12:03:10";1785492190.347;120.84699503581;990.91162618001
"2026-07-31 12:03:10";1785492190.42;123.85921226922;990.90503765542
"2026-07-31 12:03:10";1785492190.493;126.87134256785;990.91168829408
"2026-07-31 12:03:10";1785492190.567;129.8978472623;990.88794268984
"2026-07-31 12:03:10";1785492190.64;132.92461140951;990.96099005805
"2026-07-31 12:03:10";1785492190.713;135.96558041043;991.06791856554
"2026-07-31 12:03:10";1785492190.786;139.00642988417;991.17827351888
"2026-07-31 12:03:10";1785492190.86;142.04740990533;991.27269151476
"2026-07-31 12:03:10";1785492190.933;145.08816697862;991.39062669542
"2026-07-31 12:03:11";1785492191.006;148.07277116872;991.50627140973
"2026-07-31 12:03:11";1785492191.079;151.09941987317;991.58732990303
"2026-07-31 12:03:11";1785492191.153;154.12606896294;991.59991794162
"2026-07-31 12:03:11";1785492191.226;157.1671134101;991.62523227268
"2026-07-31 12:03:11";1785492191.299;160.18018377225;991.63983250331
"2026-07-31 12:03:11";1785492191.384;163.73542710062;991.64788185244
"2026-07-31 12:03:11";1785492191.47;167.23411529233;991.68561885333
"2026-07-31 12:03:11";1785492191.543;170.26125590006;991.73422410753
"2026-07-31 12:03:11";1785492191.616;173.30251227485;991.7844780816
"2026-07-31 12:03:11";1785492191.69;176.3155074516;991.8162633841
"2026-07-31 12:03:11";1785492191.763;179.35683579286;991.87002398677
"2026-07-31 12:03:11";1785492191.836;182.38408761073;991.93877326118
"2026-07-31 12:03:11";1785492191.909;185.38277011448;991.98971218533
"2026-07-31 12:03:11";1785492191.983;188.423731486;992.04765658908
"2026-07-31 12:03:12";1785492192.056;191.46477847629;992.10883585612
"2026-07-31 12:03:12";1785492192.129;194.49195376309;992.17205394398
"2026-07-31 12:03:12";1785492192.202;197.51955656275;992.22104765115
"2026-07-31 12:03:12";1785492192.276;200.51924700615;992.23808353783
"2026-07-31 12:03:12";1785492192.349;203.56106575089;992.23898284604
"2026-07-31 12:03:12";1785492192.422;206.58831617567;992.23961724175
"2026-07-31 12:03:12";1785492192.495;209.62961917454;992.24313863119
"2026-07-31 12:03:12";1785492192.569;212.67079501682;992.24902852376
"2026-07-31 12:03:12";1785492192.642;215.67013780998;992.24725480513
"2026-07-31 12:03:12";1785492192.715;218.72616369667;992.25621687171
"2026-07-31 12:03:12";1785492192.788;221.71161651612;992.25834655762
"2026-07-31 12:03:12";1785492192.861;224.75346544054;992.25027296278
"2026-07-31 12:03:12";1785492192.935;227.79541863336;992.23262023925
"2026-07-31 12:03:13";1785492193.008;230.83705308702;992.21437920464
"2026-07-31 12:03:13";1785492193.081;233.85035515276;992.21382111473
"2026-07-31 12:03:13";1785492193.154;236.84970940484;992.20132523354
"2026-07-31 12:03:13";1785492193.228;239.87717013889;992.22156609429
"2026-07-31 12:03:13";1785492193.301;242.9188164605;992.24941507975
"2026-07-31 12:03:13";1785492193.374;245.93248992422;992.28069296528
"2026-07-31 12:03:13";1785492193.447;248.93194842098;992.31062455611
"2026-07-31 12:03:13";1785492193.521;251.98780151106;992.30532893823
"2026-07-31 12:03:13";1785492193.594;255.00139957004;992.31734720866
"2026-07-31 12:03:13";1785492193.667;258.04345533583;992.36034647624
"2026-07-31 12:03:13";1785492193.74;261.0291389163;992.38420642061
"2026-07-31 12:03:13";1785492193.814;264.08515845404;992.40991041395
"2026-07-31 12:03:13";1785492193.887;267.08467610677;992.43817477756
"2026-07-31 12:03:13";1785492193.96;270.12649536133;992.45673794217
"2026-07-31 12:03:14";1785492194.033;273.16828409831;992.46496751573
"2026-07-31 12:03:14";1785492194.107;276.19601841165;992.48107879331
"2026-07-31 12:03:14";1785492194.18;279.19507996649;992.49286562098
"2026-07-31 12:03:14";1785492194.254;85.538681877984;991.05211215549
"2026-07-31 12:03:14";1785492194.33;88.579322814942;991.02523634169
"2026-07-31 12:03:14";1785492194.405;91.620214674208;991.00705634223
"2026-07-31 12:03:14";1785492194.481;94.647103666055;990.99234764022
"2026-07-31 12:03:14";1785492194.556;97.674045186313;990.98625869573
"2026-07-31 12:03:14";1785492194.632;100.65895589193;990.95628187392
"2026-07-31 12:03:14";1785492194.707;103.69986385769;990.96031188965
"2026-07-31 12:03:14";1785492194.783;106.71266665158;990.96637024542
"2026-07-31 12:03:14";1785492194.858;109.7394732851;990.981265752
"2026-07-31 12:03:14";1785492194.934;112.76638801652;990.95472410213
"2026-07-31 12:03:15";1785492195.009;115.77943844265;990.92991977268
"2026-07-31 12:03:15";1785492195.085;118.82006666395;990.92712232802
"2026-07-31 12:03:15";1785492195.16;121.84640818895;990.90880083797
"2026-07-31 12:03:15";1785492195.236;124.87259561439;990.90176395158
"2026-07-31 12:03:15";1785492195.311;127.88483503649;990.91439973465
"2026-07-31 12:03:15";1785492195.374;130.39056777954;990.87702178955
"2026-07-31 12:03:15";1785492195.437;132.92461140951;990.96099005805
"2026-07-31 12:03:15";1785492195.512;135.96558041043;991.06791856554
"2026-07-31 12:03:15";1785492195.588;139.00642988417;991.17827351888
"2026-07-31 12:03:15";1785492195.663;142.04740990533;991.27269151476
"2026-07-31 12:03:15";1785492195.739;145.08816697862;991.39062669542
"2026-07-31 12:03:15";1785492195.814;148.07277116872;991.50627140973
"2026-07-31 12:03:15";1785492195.89;151.09941987317;991.58732990303
"2026-07-31 12:03:15";1785492195.965;154.12606896294;991.59991794162
"2026-07-31 12:03:16";1785492196.041;157.1671134101;991.62523227268
"2026-07-31 12:03:16";1785492196.116;160.18018377225;991.63983250331
"2026-07-31 12:03:16";1785492196.192;163.23557982782;991.6461378926
"2026-07-31 12:03:16";1785492196.267;166.23453960404;991.66898912076
"2026-07-31 12:03:16";1785492196.343;169.24747297499;991.71784464518
"2026-07-31 12:03:16";1785492196.418;172.28878445095;991.77118428548
"2026-07-31 12:03:16";1785492196.494;175.30179827734;991.80432762022
"2026-07-31 12:03:16";1785492196.557;177.86426798503;991.83911895751
"2026-07-31 12:03:16";1785492196.619;180.37063906299;991.89359881587
"2026-07-31 12:03:16";1785492196.695;183.36962058327;991.95675489638
"2026-07-31 12:03:16";1785492196.77;186.39639112685;992.0060289171
"2026-07-31 12:03:16";1785492196.846;189.43741183811;992.0688035753
"2026-07-31 12:03:16";1785492196.921;192.47851308187;992.1291809082
"2026-07-31 12:03:16";1785492196.997;195.49168569095;992.19103731216
"2026-07-31 12:03:17";1785492197.072;198.51943468807;992.23156291307
"2026-07-31 12:03:17";1785492197.148;201.54734190472;992.23980916815
"2026-07-31 12:03:17";1785492197.223;204.56076558431;992.23623826768
"2026-07-31 12:03:17";1785492197.299;207.60211859809;992.24354553222
"2026-07-31 12:03:17";1785492197.374;210.64332241482;992.24506123861
"2026-07-31 12:03:17";1785492197.45;213.68459743923;992.24719238281
"2026-07-31 12:03:17";1785492197.525;216.67002799887;992.24977720034
"2026-07-31 12:03:17";1785492197.601;219.72603953969;992.25813817496
"2026-07-31 12:03:17";1785492197.663;222.21855799358;992.2578608195
"2026-07-31 12:03:17";1785492197.726;224.75346544054;992.25027296278
"2026-07-31 12:03:17";1785492197.802;227.79541863336;992.23262023925
"2026-07-31 12:03:17";1785492197.877;230.83705308702;992.21437920464
"2026-07-31 12:03:17";1785492197.953;233.85035515276;992.21382111473
"2026-07-31 12:03:18";1785492198.028;236.84970940484;992.20132523354
"2026-07-31 12:03:18";1785492198.104;239.87717013889;992.22156609429
"2026-07-31 12:03:18";1785492198.179;242.9188164605;992.24941507975
"2026-07-31 12:03:18";1785492198.255;245.93248992422;992.28069296528
"2026-07-31 12:03:18";1785492198.33;248.93194842098;992.31062455611
"2026-07-31 12:03:18";1785492198.406;251.98780151106;992.30532893823
"2026-07-31 12:03:18";1785492198.481;255.00139957004;992.31734720866
"2026-07-31 12:03:18";1785492198.557;258.04345533583;992.36034647624
"2026-07-31 12:03:18";1785492198.632;261.0291389163;992.38420642061
"2026-07-31 12:03:18";1785492198.708;264.08515845404;992.40991041395
"2026-07-31 12:03:18";1785492198.783;267.08467610677;992.43817477756
"2026-07-31 12:03:18";1785492198.846;269.61953099569;992.45649719239
"2026-07-31 12:03:18";1785492198.909;272.15433163113;992.46011013455
"2026-07-31 12:03:18";1785492198.984;275.19621446397;992.47633870443
"2026-07-31 12:03:19";1785492199.06;278.19541458094;992.48818934158
"2026-07-31 12:03:19";1785492199.135;281.19451141358;992.5074174669
"2026-07-31 12:03:19";1785492199.211;284.23576270209;992.52737087674
"2026-07-31 12:03:19";1785492199.286;90.606575012207;991.00777859158
"2026-07-31 12:03:19";1785492199.362;93.64749399821;990.99958123101
"2026-07-31 12:03:19";1785492199.438;96.660364988337;990.99180549675
"2026-07-31 12:03:19";1785492199.513;99.65930291378;990.96221893002
"2026-07-31 12:03:19";1785492199.589;102.68624199761;990.9562564426
"2026-07-31 12:03:19";1785492199.664;105.71310902605;990.96373217033
"2026-07-31 12:03:19";1785492199.74;108.73991422498;990.98135221848
"2026-07-31 12:03:19";1785492199.816;111.73861100938;990.96274051503
"2026-07-31 12:03:19";1785492199.891;114.77982253258;990.93748088798
"2026-07-31 12:03:19";1785492199.954;117.29979960123;990.92820739747
"2026-07-31 12:03:20";1785492200.017;119.83355119493;990.91893005371
"2026-07-31 12:03:20";1785492200.093;122.84579555509;990.90753670598
"2026-07-31 12:03:20";1785492200.168;125.87195024587;990.90455226706
"2026-07-31 12:03:20";1785492200.244;128.89834415107;990.90776216141
"2026-07-31 12:03:20";1785492200.32;131.91099039714;990.91270277235
"2026-07-31 12:03:20";1785492200.395;134.95191362169;991.03666178385
"2026-07-31 12:03:20";1785492200.471;137.99282073975;991.13956366645
"2026-07-31 12:03:20";1785492200.546;141.0337515937;991.24120246039
"2026-07-31 12:03:20";1785492200.622;144.07460869683;991.35527886285
"2026-07-31 12:03:20";1785492200.698;147.07315602929;991.46206695865
"2026-07-31 12:03:20";1785492200.773;150.09999885944;991.57314235921
"2026-07-31 12:03:20";1785492200.849;153.11243184407;991.59637620714
"2026-07-31 12:03:20";1785492200.924;156.15341356066;991.61584981282
"2026-07-31 12:03:20";1785492201;159.16642797391;991.63725885422
"2026-07-31 12:03:21";1785492201.063;161.72898610433;991.64430999755
"2026-07-31 12:03:21";1785492201.126;164.23527765163;991.64793060469
"2026-07-31 12:03:21";1785492201.202;167.23411529233;991.68561885333
"2026-07-31 12:03:21";1785492201.277;170.26125590006;991.73422410753
"2026-07-31 12:03:21";1785492201.353;173.30251227485;991.7844780816
"2026-07-31 12:03:21";1785492201.428;176.3155074516;991.8162633841
"2026-07-31 12:03:21";1785492201.504;179.35683579286;991.87002398677
"2026-07-31 12:03:21";1785492201.58;182.38408761073;991.93877326118
"2026-07-31 12:03:21";1785492201.655;185.38277011448;991.98971218533
"2026-07-31 12:03:21";1785492201.731;188.423731486;992.04765658908
"2026-07-31 12:03:21";1785492201.806;191.46477847629;992.10883585612
"2026-07-31 12:03:21";1785492201.882;194.49195376309;992.17205394398
"2026-07-31 12:03:21";1785492201.958;197.51955656275;992.22104765115
"2026-07-31 12:03:22";1785492202.033;200.51924700615;992.23808353783
"2026-07-31 12:03:22";1785492202.096;203.06121456261;992.24032292222
"2026-07-31 12:03:22";1785492202.159;205.57453494602;992.23681810167
"2026-07-31 12:03:22";1785492202.235;208.61587863499;992.24435424805
"2026-07-31 12:03:22";1785492202.31;211.65705278185;992.24809604221
"2026-07-31 12:03:22";1785492202.386;214.68437426018;992.24504228072
"2026-07-31 12:03:22";1785492202.462;217.69809846797;992.25352947529
"2026-07-31 12:03:22";1785492202.537;220.71180563262;992.25872987689
"2026-07-31 12:03:22";1785492202.613;223.73945278592;992.2549065484
"2026-07-31 12:03:22";1785492202.688;226.78148227268;992.23838127984
"2026-07-31 12:03:22";1785492202.764;229.82318200005;992.21901279025
"2026-07-31 12:03:22";1785492202.84;232.83655442576;992.2160539842
"2026-07-31 12:03:22";1785492202.915;235.86396365696;992.20375307642
"2026-07-31 12:03:22";1785492202.991;238.86337534586;992.21067810058
"2026-07-31 12:03:23";1785492203.066;241.90490129259;992.23872375488
"2026-07-31 12:03:23";1785492203.142;244.91852304596;992.27074253939
"2026-07-31 12:03:23";1785492203.205;247.46040482954;992.29934900457
"2026-07-31 12:03:23";1785492203.268;249.94587290185;992.31078788562
"2026-07-31 12:03:23";1785492203.344;252.98763190375;992.30707326561
"2026-07-31 12:03:23";1785492203.419;256.01538170709;992.32661268446
"2026-07-31 12:03:23";1785492203.495;259.04338482173;992.37326743386
"2026-07-31 12:03:23";1785492203.57;262.05721354688;992.3901317629
"2026-07-31 12:03:23";1785492203.646;265.07091861301;992.42085605198
"2026-07-31 12:03:23";1785492203.722;268.0986328125;992.44711642795
"2026-07-31 12:03:23";1785492203.797;271.14040120443;992.45779418945
"2026-07-31 12:03:23";1785492203.873;274.18227301703;992.47109476725
"2026-07-31 12:03:23";1785492203.948;277.19572653841;992.48414946158
"2026-07-31 12:03:24";1785492204.024;280.19479200575;992.499972565
"2026-07-31 12:03:24";1785492204.1;283.22204844157;992.521355523
"2026-07-31 12:03:24";1785492204.175;286.26326751709;992.54265340169
"2026-07-31 12:03:24";1785492204.251;289.27657011635;992.56581601822
"2026-07-31 12:03:24";1785492204.314;95.146931388162;990.99011854692
"2026-07-31 12:03:24";1785492204.377;97.674045186313;990.98625869573
"2026-07-31 12:03:24";1785492204.452;100.65895589193;990.95628187392
"2026-07-31 12:03:24";1785492204.528;103.69986385769;990.96031188965
"2026-07-31 12:03:24";1785492204.603;106.71266665158;990.96637024542
"2026-07-31 12:03:24";1785492204.679;109.7394732851;990.981265752
"2026-07-31 12:03:24";1785492204.754;112.76638801652;990.95472410213
"2026-07-31 12:03:24";1785492204.83;115.77943844265;990.92991977268
"2026-07-31 12:03:24";1785492204.905;118.82006666395;990.92712232802
"2026-07-31 12:03:24";1785492204.981;121.84640818895;990.90880083797
"2026-07-31 12:03:25";1785492205.056;124.87259561439;990.90176395158
"2026-07-31 12:03:25";1785492205.132;127.88483503649;990.91439973465
"2026-07-31 12:03:25";1785492205.207;130.89738294814;990.89109802246
"2026-07-31 12:03:25";1785492205.283;133.93823326959;991.00167338053
"2026-07-31 12:03:25";1785492205.358;136.97923278809;991.09966532389
"2026-07-31 12:03:25";1785492205.421;139.51322682699;991.19913991292
"2026-07-31 12:03:25";1785492205.484;142.04740990533;991.27269151476
"2026-07-31 12:03:25";1785492205.56;145.08816697862;991.39062669542
"2026-07-31 12:03:25";1785492205.635;148.07277116872;991.50627140973
"2026-07-31 12:03:25";1785492205.711;151.09941987317;991.58732990303
"2026-07-31 12:03:25";1785492205.786;154.12606896294;991.59991794162
"2026-07-31 12:03:25";1785492205.862;157.1671134101;991.62523227268
"2026-07-31 12:03:25";1785492205.937;160.18018377225;991.63983250331
"2026-07-31 12:03:26";1785492206.013;163.23557982782;991.6461378926
"2026-07-31 12:03:26";1785492206.088;166.23453960404;991.66898912076
"2026-07-31 12:03:26";1785492206.164;169.24747297499;991.71784464518
"2026-07-31 12:03:26";1785492206.239;172.28878445095;991.77118428548
"2026-07-31 12:03:26";1785492206.315;175.30179827734;991.80432762022
"2026-07-31 12:03:26";1785492206.39;178.35710406063;991.84923160437
"2026-07-31 12:03:26";1785492206.466;181.38440341549;991.9172767574
"2026-07-31 12:03:26";1785492206.541;184.36917199029;991.97288004557
"2026-07-31 12:03:26";1785492206.604;186.90322494507;992.01461029053
"2026-07-31 12:03:26";1785492206.667;189.43741183811;992.0688035753
"2026-07-31 12:03:26";1785492206.743;192.47851308187;992.1291809082
"2026-07-31 12:03:26";1785492206.818;195.49168569095;992.19103731216
"2026-07-31 12:03:26";1785492206.894;198.51943468807;992.23156291307
"2026-07-31 12:03:26";1785492206.969;201.54734190472;992.23980916815
"2026-07-31 12:03:27";1785492207.045;204.56076558431;992.23623826768
"2026-07-31 12:03:27";1785492207.12;207.60211859809;992.24354553222
"2026-07-31 12:03:27";1785492207.196;210.64332241482;992.24506123861
"2026-07-31 12:03:27";1785492207.271;213.68459743923;992.24719238281
"2026-07-31 12:03:27";1785492207.347;216.67002799887;992.24977720034
"2026-07-31 12:03:27";1785492207.422;219.72603953969;992.25813817496
"2026-07-31 12:03:27";1785492207.498;222.725505405;992.2566579183
"2026-07-31 12:03:27";1785492207.573;225.76750606961;992.24572075738
"2026-07-31 12:03:27";1785492207.649;228.80929395888;992.22587246365
"2026-07-31 12:03:27";1785492207.712;231.34400558471;992.21139272054
"2026-07-31 12:03:27";1785492207.775;233.85035515276;992.21382111473
"2026-07-31 12:03:27";1785492207.85;236.84970940484;992.20132523354
"2026-07-31 12:03:27";1785492207.926;239.87717013889;992.22156609429
"2026-07-31 12:03:28";1785492208.001;242.9188164605;992.24941507975
"2026-07-31 12:03:28";1785492208.077;245.93248992422;992.28069296528
"2026-07-31 12:03:28";1785492208.152;248.93194842098;992.31062455611
"2026-07-31 12:03:28";1785492208.228;251.98780151106;992.30532893823
"2026-07-31 12:03:28";1785492208.303;255.00139957004;992.31734720866
"2026-07-31 12:03:28";1785492208.379;258.04345533583;992.36034647624
"2026-07-31 12:03:28";1785492208.454;261.0291389163;992.38420642061
"2026-07-31 12:03:28";1785492208.53;264.08515845404;992.40991041395
"2026-07-31 12:03:28";1785492208.605;267.08467610677;992.43817477756
"2026-07-31 12:03:28";1785492208.681;270.12649536133;992.45673794217
"2026-07-31 12:03:28";1785492208.756;273.16828409831;992.46496751573
"2026-07-31 12:03:28";1785492208.819;275.70318094889;992.478612264
"2026-07-31 12:03:28";1785492208.882;278.19541458094;992.48818934158
"2026-07-31 12:03:28";1785492208.958;281.19451141358;992.5074174669
"2026-07-31 12:03:29";1785492209.033;284.23576270209;992.52737087674
"2026-07-31 12:03:29";1785492209.109;287.26298692491;992.55240315139
"2026-07-31 12:03:29";1785492209.184;290.29043064547;992.56879934268
"2026-07-31 12:03:29";1785492209.26;293.27553558349;992.56375800239
"2026-07-31 12:03:29";1785492209.336;165.20241207547;991.48751152886
"2026-07-31 12:03:29";1785492209.412;102.68624199761;990.9562564426
"2026-07-31 12:03:29";1785492209.488;105.71310902605;990.96373217033
"2026-07-31 12:03:29";1785492209.565;108.73991422498;990.98135221848
"2026-07-31 12:03:29";1785492209.641;111.73861100938;990.96274051503
"2026-07-31 12:03:29";1785492209.717;114.77982253258;990.93748088798
"2026-07-31 12:03:29";1785492209.781;117.29979960123;990.92820739747
"2026-07-31 12:03:29";1785492209.845;119.83355119493;990.91893005371
"2026-07-31 12:03:29";1785492209.921;122.84579555509;990.90753670598
"2026-07-31 12:03:29";1785492209.997;125.87195024587;990.90455226706
"2026-07-31 12:03:30";1785492210.074;128.89834415107;990.90776216141
"2026-07-31 12:03:30";1785492210.15;131.91099039714;990.91270277235
"2026-07-31 12:03:30";1785492210.226;134.95191362169;991.03666178385
"2026-07-31 12:03:30";1785492210.303;137.99282073975;991.13956366645
"2026-07-31 12:03:30";1785492210.379;141.0337515937;991.24120246039
"2026-07-31 12:03:30";1785492210.456;144.07460869683;991.35527886285
"2026-07-31 12:03:30";1785492210.519;146.58743586685;991.44096675063
"2026-07-31 12:03:30";1785492210.583;149.08642362344;991.54492885824
"2026-07-31 12:03:30";1785492210.659;152.09884474012;991.59265136719
"2026-07-31 12:03:30";1785492210.736;155.13973151313;991.60636901855
"2026-07-31 12:03:30";1785492210.812;158.16678049107;991.63465742631
"2026-07-31 12:03:30";1785492210.888;161.2080147246;991.64164968637
"2026-07-31 12:03:30";1785492210.965;164.23527765163;991.64793060469
"2026-07-31 12:03:31";1785492211.041;167.23411529233;991.68561885333
"2026-07-31 12:03:31";1785492211.117;170.26125590006;991.73422410753
"2026-07-31 12:03:31";1785492211.194;173.30251227485;991.7844780816
"2026-07-31 12:03:31";1785492211.257;175.79458330061;991.81048007779
"2026-07-31 12:03:31";1785492211.321;178.35710406063;991.84923160437
"2026-07-31 12:03:31";1785492211.397;181.38440341549;991.9172767574
"2026-07-31 12:03:31";1785492211.474;184.36917199029;991.97288004557
"2026-07-31 12:03:31";1785492211.55;187.41005452474;992.02570936415
"2026-07-31 12:03:31";1785492211.626;190.45108879937;992.0893995497
"2026-07-31 12:03:31";1785492211.703;193.49227057563;992.15161980523
"2026-07-31 12:03:31";1785492211.779;196.50560170658;992.20742016535
"2026-07-31 12:03:31";1785492211.855;199.50522706003;992.23575908006
"2026-07-31 12:03:31";1785492211.932;202.56130030587;992.23971592
"2026-07-31 12:03:32";1785492212.008;205.57453494602;992.23681810167
"2026-07-31 12:03:32";1785492212.072;208.10901514689;992.2452138265
"2026-07-31 12:03:32";1785492212.135;210.64332241482;992.24506123861
"2026-07-31 12:03:32";1785492212.212;213.68459743923;992.24719238281
"2026-07-31 12:03:32";1785492212.288;216.67002799887;992.24977720034
"2026-07-31 12:03:32";1785492212.364;219.72603953969;992.25813817496
"2026-07-31 12:03:32";1785492212.441;222.725505405;992.2566579183
"2026-07-31 12:03:32";1785492212.517;225.76750606961;992.24572075738
"2026-07-31 12:03:32";1785492212.594;228.80929395888;992.22587246365
"2026-07-31 12:03:32";1785492212.67;231.83682921438;992.21371012986
"2026-07-31 12:03:32";1785492212.746;234.8641703679;992.20948946819
"2026-07-31 12:03:32";1785492212.81;237.34260304769;992.19931284587
"2026-07-31 12:03:32";1785492212.873;239.87717013889;992.22156609429
"2026-07-31 12:03:32";1785492212.95;242.9188164605;992.24941507975
"2026-07-31 12:03:33";1785492213.026;245.93248992422;992.28069296528
"2026-07-31 12:03:33";1785492213.103;248.93194842098;992.31062455611
"2026-07-31 12:03:33";1785492213.179;251.98780151106;992.30532893823
"2026-07-31 12:03:33";1785492213.255;255.00139957004;992.31734720866
"2026-07-31 12:03:33";1785492213.332;258.04345533583;992.36034647624
"2026-07-31 12:03:33";1785492213.408;261.0291389163;992.38420642061
"2026-07-31 12:03:33";1785492213.484;264.08515845404;992.40991041395
"2026-07-31 12:03:33";1785492213.548;266.57768503825;992.43367258708
"2026-07-31 12:03:33";1785492213.612;269.11257341173;992.4533911811
"2026-07-31 12:03:33";1785492213.688;272.15433163113;992.46011013455
"2026-07-31 12:03:33";1785492213.764;275.19621446397;992.47633870443
"2026-07-31 12:03:33";1785492213.841;278.19541458094;992.48818934158
"2026-07-31 12:03:33";1785492213.917;281.19451141358;992.5074174669
"2026-07-31 12:03:33";1785492213.993;284.23576270209;992.52737087674
"2026-07-31 12:03:34";1785492214.07;287.26298692491;992.55240315139
"2026-07-31 12:03:34";1785492214.146;290.29043064547;992.56879934268
"2026-07-31 12:03:34";1785492214.222;293.27553558349;992.56375800239
"2026-07-31 12:03:34";1785492214.286;295.80989583333;992.5442682902
"2026-07-31 12:03:34";1785492214.35;298.33041142936;992.54411947848
"2026-07-31 12:03:34";1785492214.401;300.32993727464;992.54037710337
